19,119,121,37,470,84,57,485,45,197,175,126,109,198,174,115,12,81,207,145,203,76,140,104,86,106,120,114,54,163,467,214,195,64,156,146,167,142,159,137,25,205,190,218,40,211,82,209,464,154
484,478,488,494,492,498,416,480,179,472,479,475,468,461,469,149,169,465,460,466,457,463,1,458,134,462,487,171,187,4,459,387,344,447,471,285,321,296,27,320,202,110,8,322,20,69,415,112,477,347
117,468,460,472,466,469,461,340,457,206,463,465,171,222,216,18,169,42,187,17,4,367,426,490,491,425,69,482,173,93,489,483,398,8,430,431,48,310,419,1,99,19,109,37,5,277,319,313,382,321
171,267,458,344,462,486,169,487,297,8,459,254,290,471,20,27,248,310,258,269,263,315,293,266,342,302,250,345,187,264,347,253,483,245,365,373,311,348,354,247,400,376,271,372,355,312,296,313,292,69
240,340,13,1,393,171,8,285,169,119,4,187,19,487,486,458,343,462,216,440,322,471,319,311,459,321,483,69,56,498,381,20,320,149,390,27,482,67,430,425,18,367,426,477,490,374,387,28,3,254
38,63,85,80,7,79,72,191,77,139,25,177,71,207,204,153,68,66,84,142,476,91,53,203,76,61,197,45,81,57,149,121,54,214,485,470,175,40,107,37,198,174,64,164,82,209,10,19,467,159
63,79,80,72,38,191,77,6,139,177,91,204,85,71,149,68,164,66,10,203,53,121,159,175,197,485,54,470,174,157,76,81,150,25,57,64,45,198,114,209,138,126,163,86,167,142,146,37,106,40
497,458,171,169,486,462,487,495,459,471,499,187,4,477,483,250,241,264,290,400,482,315,253,258,348,306,308,316,356,313,393,247,69,347,372,254,343,365,303,293,296,248,265,310,355,257,370,263,20,311
170,184,58,394,147,358,56,111,350,357,118,124,83,44,65,66,53,157,109,91,448,427,473,355,144,116,188,251,270,293,108,189,310,115,378,381,161,359,291,246,486,458,323,15,462,171,27,487,376,271
71,7,80,63,191,72,79,177,91,138,139,157,164,38,77,149,204,6,203,121,68,197,175,146,85,485,150,470,114,86,66,198,174,106,167,163,126,137,186,120,209,104,159,190,467,211,45,193,145,142
59,175,485,121,197,470,120,114,57,86,126,54,106,81,163,137,167,146,198,159,174,84,467,104,203,209,142,45,76,156,40,208,37,211,162,145,214,25,64,19,82,119,193,183,218,154,186,190,194,207
159,175,174,114,57,106,198,197,86,81,163,485,126,54,137,120,115,104,167,156,470,214,211,84,45,146,203,145,467,37,142,121,40,218,19,76,25,64,205,208,119,209,207,109,49,154,82,194,153,140
497,493,119,78,19,156,175,106,167,114,197,121,174,86,104,126,163,137,109,467,470,159,485,218,120,140,209,142,149,211,203,198,146,7,186,10,208,190,57,91,154,214,193,145,115,192,54,25,155,81
140,121,174,197,64,45,25,40,203,175,198,76,37,142,485,84,470,81,186,208,159,54,146,214,86,145,57,467,167,114,120,207,126,137,163,106,82,183,194,153,205,74,156,19,104,62,209,193,211,115
455,284,497,493,116,495,499,282,279,257,322,487,43,302,209,14,205,44,208,13,321,186,102,118,247,183,171,9,109,184,485,197,174,121,170,458,320,470,40,159,189,29,84,198,254,82,140,45,57,64
467,198,470,137,175,126,197,40,76,57,45,37,12,159,121,54,208,174,163,86,186,106,203,120,114,84,211,104,146,25,145,115,81,167,156,64,205,193,209,140,218,122,142,82,207,194,201,183,214,190
18,141,145,485,210,183,497,37,121,140,470,19,45,190,175,40,197,76,81,198,84,57,203,54,64,174,467,86,208,209,126,146,159,163,114,137,493,120,106,193,25,59,194,149,186,82,167,192,156,142
17,145,37,121,19,45,140,40,470,76,197,175,64,84,203,81,174,57,86,183,54,198,126,159,114,163,146,194,467,82,208,106,137,120,156,167,209,190,485,193,109,25,119,59,142,214,186,104,211,141
470,81,57,119,175,37,54,121,197,126,174,76,86,84,114,163,203,159,45,146,106,467,40,120,198,167,64,145,137,214,104,142,25,82,208,209,156,211,205,207,140,218,193,194,109,59,12,154,186,153
27,485,347,46,497,315,292,266,458,355,271,293,363,354,401,348,28,270,290,342,462,459,245,380,21,296,393,378,258,345,69,372,364,376,493,370,257,400,373,369,302,276,375,269,388,244,351,359,387,264
486,399,20,27,376,312,487,363,292,364,266,258,395,253,276,347,46,345,257,396,245,348,270,315,290,401,354,267,262,271,360,342,302,355,378,416,372,28,392,252,296,369,293,357,458,264,483,380,269,393
29,32,122,193,140,40,192,76,45,37,198,145,197,82,84,81,470,175,86,57,121,151,64,183,194,137,54,126,203,25,159,208,146,77,467,163,209,174,186,106,114,59,120,156,211,19,190,142,75,141
24,30,31,103,485,132,130,127,35,497,22,493,29,26,32,89,131,134,371,366,136,141,36,343,303,495,33,135,308,468,496,361,311,499,475,379,317,469,466,395,20,296,151,171,465,27,480,299,472,476
30,31,23,103,132,130,35,22,29,480,32,134,136,479,20,496,89,36,141,131,27,127,33,475,468,46,469,466,315,375,171,465,21,472,28,151,58,463,393,457,34,458,355,266,492,460,347,271,292,69
142,84,214,153,197,54,57,40,45,470,76,81,198,175,37,174,121,203,64,467,159,208,82,86,209,114,207,106,146,126,163,167,19,137,194,205,120,183,145,193,59,104,186,211,190,156,119,49,107,140
485,366,371,343,476,361,308,311,135,497,303,317,493,379,296,395,107,355,381,346,370,23,61,495,220,369,27,499,212,299,292,328,69,20,458,400,462,401,310,315,153,257,85,258,266,459,289,83,378,348
20,46,315,292,266,458,347,271,355,354,348,293,290,345,270,401,462,258,459,342,380,363,28,269,296,378,370,372,245,376,69,21,364,276,302,257,247,416,267,248,393,351,244,471,375,369,253,387,373,251
389,388,486,20,27,363,487,293,387,380,347,355,315,266,46,292,458,393,248,401,462,348,271,245,258,302,354,296,270,359,459,69,370,378,290,369,364,400,483,351,345,358,342,269,257,471,376,372,396,276
22,32,151,192,40,193,45,140,122,37,76,198,145,197,57,84,86,175,81,121,470,186,82,126,137,54,203,159,163,64,174,194,183,208,25,467,106,156,146,114,120,59,209,142,211,104,167,19,77,115
31,24,23,130,485,132,35,136,103,497,493,32,476,22,27,141,20,134,29,36,46,440,315,33,495,375,171,21,28,468,89,292,499,131,69,469,347,458,466,465,348,480,345,355,266,393,127,342,276,293
30,24,23,130,132,35,136,103,32,27,22,20,141,480,134,46,29,36,479,440,496,315,33,375,171,21,28,475,347,292,458,348,468,69,393,486,355,469,345,89,266,466,131,465,276,399,363,400,364,293
29,22,192,40,45,76,37,193,82,81,145,84,198,197,57,151,175,141,121,467,194,122,54,64,25,86,203,183,126,208,209,137,174,49,140,77,59,163,186,159,205,146,190,106,114,130,120,156,35,142
34,470,485,497,493,476,232,231,32,229,24,31,30,495,499,23,103,375,130,315,459,132,369,136,292,458,378,225,480,265,276,266,248,245,293,35,134,370,27,251,355,20,354,228,486,36,364,376,359,269
33,32,232,231,229,458,225,459,480,22,31,269,130,370,30,24,462,475,479,359,364,355,263,266,376,315,29,265,486,293,312,188,400,132,375,351,378,373,276,306,264,248,251,290,77,136,246,23,471,20
130,132,141,31,30,24,136,32,22,29,23,103,134,36,151,17,440,18,89,133,145,127,460,192,77,408,486,149,465,471,122,82,37,140,40,45,84,75,193,76,171,252,33,131,168,81,191,14,190,121
230,35,30,31,152,373,24,130,132,136,475,480,23,466,330,469,458,266,20,134,27,472,496,459,103,46,171,479,32,462,252,369,141,392,290,253,351,69,406,342,263,28,33,21,271,315,347,169,408,22
40,45,76,197,121,84,198,175,81,54,64,57,203,159,174,86,82,208,25,146,114,126,106,19,163,137,120,209,145,194,167,193,183,142,59,186,214,104,156,211,119,205,49,190,192,140,207,154,218,109
470,485,467,72,63,79,6,80,7,77,191,139,85,464,177,71,207,91,204,66,68,497,149,81,53,54,57,76,175,45,64,197,203,174,84,121,40,164,25,37,159,198,82,19,145,163,126,209,86,61
470,485,467,81,203,57,197,54,84,198,121,64,186,175,76,82,174,208,40,183,45,25,37,194,159,68,86,209,205,464,19,163,114,106,142,126,146,193,137,190,207,120,59,156,167,145,11,214,476,192
45,37,76,197,121,64,84,57,175,54,198,81,203,82,159,25,174,208,86,146,114,126,106,163,194,137,209,145,120,183,193,186,59,19,167,142,156,104,49,211,214,190,192,119,205,207,140,154,218,122
470,485,467,464,497,493,476,495,499,109,150,157,104,91,219,115,218,211,126,112,106,57,110,114,163,120,156,167,94,159,145,111,177,205,162,113,86,137,7,209,54,59,288,133,486,52,154,118,161,155
43,341,233,485,333,470,467,112,464,3,219,125,495,418,331,415,110,398,111,279,409,417,493,411,433,93,282,41,456,499,427,441,173,413,147,497,430,405,446,414,100,65,402,455,454,404,444,9,476,165
42,455,233,335,284,150,74,279,333,15,282,41,93,341,112,155,115,159,110,54,100,94,192,7,163,167,11,109,114,209,64,183,70,205,106,104,120,211,174,146,81,126,59,218,275,321,19,57,86,119
109,62,57,84,76,45,121,40,174,175,37,197,115,64,81,55,54,198,203,208,106,159,82,66,118,25,86,53,114,49,204,209,156,163,126,137,120,104,194,193,142,183,145,59,19,167,218,12,186,164
40,76,37,197,121,198,57,84,64,175,54,81,203,159,82,86,174,146,25,114,126,106,208,194,163,137,209,120,145,183,193,167,142,19,186,59,104,211,156,140,49,214,190,119,205,207,192,122,218,154
485,470,467,464,27,497,20,493,270,476,271,292,315,69,354,355,347,345,257,293,266,28,21,290,380,262,348,370,245,267,401,342,378,247,258,251,269,364,363,392,375,302,248,369,391,276,351,387,393,372
486,458,462,459,487,471,483,482,375,490,330,310,491,219,391,477,433,355,315,46,457,303,290,461,463,354,363,312,475,69,465,481,20,292,27,277,342,489,472,348,324,364,314,359,356,293,73,460,469,347
271,365,241,27,392,380,85,46,292,20,369,69,354,293,177,362,363,246,347,370,258,266,290,355,28,378,315,345,342,401,399,251,416,303,270,247,432,379,21,348,245,307,372,376,296,375,311,396,314,387
57,45,54,81,40,76,175,197,37,84,121,64,198,203,174,86,159,208,82,25,106,114,126,146,163,209,137,145,120,214,205,167,104,142,211,19,194,59,207,12,156,193,183,186,218,119,140,192,62,154
464,485,470,467,497,493,476,51,329,265,495,499,370,248,375,113,269,359,378,380,267,387,399,360,396,357,270,401,376,377,373,266,312,355,374,356,369,352,379,247,297,372,368,388,362,416,257,395,448,315
481,50,220,366,26,399,369,343,308,371,370,329,379,41,303,361,311,327,432,135,247,355,46,471,395,378,458,265,317,310,269,381,296,246,212,375,292,316,113,248,372,107,401,373,359,391,376,462,315,251
199,196,185,206,80,72,203,177,77,63,10,139,79,76,164,204,182,38,6,168,195,91,71,191,157,197,57,66,175,62,54,85,198,82,121,7,114,45,64,86,115,146,172,106,150,84,126,163,40,167
66,79,495,63,80,91,77,72,499,38,7,191,157,44,6,139,84,204,85,68,57,71,149,76,45,109,40,64,177,37,121,81,82,174,197,54,175,203,138,115,25,164,198,70,159,150,209,106,193,86
57,81,175,174,121,197,76,84,45,159,40,163,198,37,203,126,86,114,106,64,146,25,137,167,145,208,120,209,142,104,82,19,214,211,207,156,193,205,194,59,183,119,186,218,49,192,154,140,153,190
485,470,467,464,497,76,45,40,44,37,62,197,64,175,121,84,203,81,198,54,57,208,82,86,146,204,174,114,25,159,106,209,126,137,49,163,194,183,120,186,164,193,161,59,167,145,142,156,211,104
58,358,394,485,470,467,170,184,9,350,357,464,497,493,476,355,20,27,378,293,270,246,65,359,292,251,347,393,271,376,253,147,266,342,345,28,310,277,375,247,296,257,258,21,291,285,401,495,363,265
54,175,121,81,84,197,45,76,174,40,37,86,126,106,159,198,203,163,114,64,137,120,25,167,208,145,209,104,146,19,82,156,142,211,214,205,194,59,193,109,186,218,119,183,207,49,115,140,154,12
485,470,467,170,56,184,394,9,464,358,497,357,493,350,476,147,355,118,495,27,20,293,270,65,378,499,111,246,251,359,271,266,376,310,292,44,247,345,66,28,291,258,375,83,46,315,263,53,393,347
175,45,40,57,76,121,37,54,197,81,84,86,114,106,126,203,163,198,146,208,174,137,120,159,64,82,25,167,209,145,142,104,211,186,156,19,214,183,193,119,194,192,11,218,190,140,154,49,205,207
485,470,467,464,497,493,476,249,11,495,299,499,250,298,107,59,153,168,25,142,182,26,161,214,295,84,39,160,317,216,303,172,135,305,82,366,55,191,83,40,194,45,208,190,54,197,198,308,379,180
85,6,38,79,63,72,80,77,7,25,191,71,53,66,68,84,107,54,139,70,81,153,207,177,82,76,204,57,64,40,45,174,142,49,37,203,214,121,91,197,19,175,159,198,149,192,205,39,209,194
76,45,44,40,64,82,37,197,84,57,203,198,121,175,81,54,208,55,159,183,25,174,209,49,194,204,86,106,186,146,114,163,193,126,137,120,19,190,142,59,167,145,156,164,104,211,192,140,205,119
80,72,79,77,7,38,191,6,68,139,85,177,66,71,204,53,149,91,76,45,64,40,81,37,121,84,485,203,197,470,54,57,164,175,25,198,82,174,467,159,145,209,10,163,126,86,146,19,114,194
76,45,40,81,197,37,121,54,57,175,84,198,203,174,82,159,86,146,25,208,114,163,194,126,106,209,183,137,145,120,19,193,167,142,186,104,59,190,207,211,156,214,49,119,192,205,140,154,218,12
470,485,467,464,497,493,476,394,350,332,362,251,495,56,358,58,357,499,351,221,184,241,265,345,291,244,246,378,393,262,369,282,170,9,355,380,359,376,352,276,290,247,27,259,257,372,401,360,293,342
53,79,63,80,91,77,72,38,7,68,157,191,6,139,44,204,85,71,57,177,84,109,76,64,45,37,121,149,40,81,174,197,203,54,175,82,198,164,115,25,159,150,209,106,194,10,19,62,186,86
470,485,467,464,493,497,476,495,499,1,353,349,311,361,400,292,366,407,354,367,352,462,377,308,379,265,486,296,351,458,360,343,135,362,73,401,371,384,487,26,387,388,395,370,368,363,200,369,378,390
63,80,77,79,72,7,177,191,139,38,204,66,186,85,6,149,64,197,40,203,121,76,45,71,37,198,81,53,175,57,183,91,54,82,84,159,174,25,209,164,86,190,146,194,145,163,126,114,106,193
485,470,467,27,20,464,46,292,497,347,354,395,293,368,355,388,359,345,296,258,315,28,290,476,266,376,375,245,387,493,380,270,342,378,171,495,271,277,363,370,169,401,364,351,314,393,348,369,317,257
79,72,63,38,7,53,80,177,91,77,85,66,191,149,71,138,81,57,6,157,54,61,139,174,204,175,159,164,121,45,203,193,68,12,37,76,40,84,145,192,150,163,126,197,64,114,137,49,458,106
72,63,79,80,7,10,191,38,77,177,6,91,139,85,204,149,68,66,121,53,164,81,150,54,203,76,174,209,57,197,175,45,25,40,163,37,126,86,84,64,114,198,192,106,167,146,137,145,159,142
79,63,80,38,7,77,191,71,91,177,6,85,139,68,204,149,66,53,81,54,174,57,175,164,76,203,121,197,45,84,64,40,25,37,159,163,126,198,145,209,114,86,82,106,207,167,146,19,137,10
467,470,485,464,497,476,493,499,495,234,238,87,7,242,243,226,164,204,85,274,151,177,419,139,16,278,6,191,123,255,168,176,88,63,160,410,67,72,138,107,70,294,188,77,212,61,196,71,127,300
14,83,346,140,64,18,115,145,68,45,174,121,82,19,76,175,40,84,17,81,37,197,54,86,203,57,146,114,167,163,126,106,120,159,25,198,137,142,214,104,208,218,211,344,59,156,119,49,209,63
122,64,81,145,57,54,174,197,175,84,159,137,45,76,121,40,140,163,114,86,198,203,193,126,106,37,120,146,167,25,104,183,211,82,208,156,209,194,19,142,12,214,205,49,218,119,207,162,201,186
45,40,37,197,84,121,54,57,64,175,81,198,82,203,174,86,25,159,208,146,114,126,163,209,106,137,145,120,19,193,167,142,183,194,59,104,211,186,156,190,214,49,192,119,207,205,140,154,218,122
470,485,80,63,467,72,79,191,7,38,68,6,85,204,139,53,66,464,76,82,177,45,71,149,40,64,37,84,81,197,121,198,203,54,57,497,91,25,164,175,194,193,159,183,192,209,186,174,190,59
470,485,467,464,13,497,476,495,493,499,156,175,198,197,190,208,209,203,76,45,142,137,25,145,86,121,174,140,114,57,54,194,126,106,81,146,183,120,163,211,205,167,159,193,186,122,84,64,214,104
72,63,80,7,38,91,77,66,191,6,53,71,177,85,139,68,204,149,57,81,174,54,157,121,175,84,76,203,164,197,45,64,25,40,159,37,198,70,163,126,106,114,86,82,145,167,209,10,150,19
63,77,72,79,7,38,191,68,139,6,177,204,66,85,71,53,76,91,149,45,82,121,40,64,197,81,37,84,203,54,164,57,198,175,485,470,467,25,174,10,159,209,86,193,194,146,114,126,163,138
54,57,175,84,121,76,197,174,45,40,37,64,203,198,126,159,86,163,25,114,82,146,145,106,208,19,209,137,167,120,205,142,104,214,194,207,193,183,156,59,211,49,186,119,192,12,218,154,140,190
470,485,76,467,45,40,84,81,37,64,54,57,197,121,175,198,203,25,174,208,19,194,159,209,86,193,183,146,59,126,114,163,106,145,137,186,120,49,192,142,190,205,167,207,77,464,214,62,104,156
470,485,467,464,497,493,74,476,346,14,161,107,44,55,153,115,135,495,53,66,25,84,109,118,499,142,174,214,140,57,6,91,9,61,121,170,45,54,184,76,64,85,81,157,207,79,175,339,203,40
57,76,81,45,40,54,25,37,121,197,175,64,198,82,174,203,159,142,208,126,86,106,114,163,214,209,19,145,137,120,146,194,167,205,193,104,183,59,207,156,49,153,211,186,190,109,119,192,12,140
470,485,467,177,6,63,80,72,79,7,77,191,38,464,25,497,139,68,71,204,66,84,53,61,142,153,476,76,37,493,40,149,91,45,203,54,81,59,197,57,64,121,82,214,175,174,198,186,107,164
114,106,163,126,120,137,167,104,146,211,175,156,197,159,121,218,174,145,203,57,54,198,119,45,142,81,76,37,214,209,40,208,140,154,84,64,115,193,186,19,122,109,25,207,194,59,155,183,162,82
485,470,467,464,497,138,7,91,157,191,164,63,120,104,80,211,115,126,163,167,150,493,86,137,77,106,114,218,72,71,146,156,79,177,149,154,122,198,119,121,197,190,142,6,159,145,10,123,175,162
384,485,470,467,464,90,476,497,89,87,325,493,495,499,367,127,103,128,202,73,129,108,16,33,124,105,131,143,92,165,148,213,1,97,23,133,151,24,132,130,101,35,22,243,181,29,112,67,100,115
131,127,103,90,88,23,24,132,128,129,130,22,30,35,133,31,29,108,87,141,151,32,124,92,105,148,143,213,165,136,97,100,134,202,171,425,480,168,112,73,426,181,215,212,479,415,192,110,36,125
89,88,128,129,148,143,213,144,92,124,87,105,165,127,108,100,97,112,101,212,215,202,73,181,103,110,190,41,125,151,480,98,288,111,407,147,479,320,321,138,327,468,95,173,8,217,122,133,180,172
157,79,72,66,7,63,53,109,80,115,38,150,149,177,191,71,164,106,104,174,139,114,77,218,163,167,138,57,126,86,159,204,120,6,175,137,121,211,156,10,68,197,203,54,145,119,87,81,85,155
148,143,165,213,105,129,128,485,470,467,100,464,124,97,493,112,101,497,212,476,495,215,499,98,274,294,255,242,300,110,108,318,278,127,238,96,181,234,111,147,385,90,226,275,99,125,144,397,95,102
341,216,18,193,222,162,180,78,209,155,156,201,183,137,227,208,167,146,120,64,86,163,114,138,145,126,203,197,106,439,409,190,211,104,113,121,175,43,55,198,13,119,159,8,154,81,218,39,122,142
91,157,87,7,138,150,72,79,104,164,167,114,106,80,218,120,177,63,156,163,211,71,126,10,86,115,137,159,146,109,119,191,38,174,154,175,121,197,142,203,149,155,145,53,214,77,162,54,204,186
485,470,467,464,96,98,497,99,97,476,493,495,499,101,100,443,92,112,165,213,148,105,143,339,129,405,404,128,202,221,403,344,215,94,288,385,397,110,275,217,402,439,326,144,212,90,111,346,181,281
95,92,213,105,99,165,98,143,148,129,128,97,112,100,452,411,101,443,110,444,413,451,453,409,446,414,417,445,454,181,418,221,219,385,318,456,94,240,294,326,230,341,93,340,300,274,397,255,404,428
100,105,92,143,165,213,148,101,128,129,124,212,112,147,111,294,108,274,300,318,242,226,255,110,215,95,238,278,234,221,275,96,117,385,127,98,243,94,125,181,90,397,144,323,415,161,402,102,403,206
213,92,148,143,105,128,112,99,129,165,95,96,100,110,181,101,97,215,124,125,212,427,219,404,242,275,217,405,278,274,255,202,111,409,318,144,411,238,294,413,108,127,90,234,147,439,300,417,414,340
98,96,95,213,105,92,143,112,148,165,100,101,419,110,128,397,318,111,129,340,327,428,385,124,339,147,215,181,324,300,442,411,434,413,441,418,255,294,97,412,409,414,473,217,446,242,50,417,278,274
101,97,165,213,105,143,92,148,128,129,124,111,112,108,147,212,215,110,226,294,94,274,242,318,98,300,238,255,234,411,278,157,418,96,409,275,417,144,405,181,413,414,95,99,218,404,444,432,403,127
100,213,97,105,92,165,143,148,124,128,129,221,147,111,108,212,112,215,294,318,274,242,300,98,226,110,278,332,255,94,238,234,95,99,181,65,385,427,96,275,157,90,144,397,125,172,301,200,243,127
152,158,186,230,156,208,105,140,143,176,189,148,183,218,199,129,211,162,39,29,122,115,165,120,92,146,104,137,128,86,198,167,155,163,142,210,206,106,119,213,159,200,114,154,197,214,194,14,126,179
127,24,23,30,31,132,130,89,35,131,29,134,22,151,136,141,32,33,36,88,133,497,124,485,128,493,470,467,129,90,464,486,476,192,73,34,87,108,125,487,458,462,471,178,483,171,459,17,375,71
120,106,126,114,211,163,167,86,137,156,218,146,175,159,121,197,145,119,174,57,115,142,54,214,154,203,198,109,140,209,81,45,208,122,76,37,19,84,186,155,40,162,193,207,64,205,25,12,59,113
92,143,485,213,470,165,467,148,128,129,464,497,100,493,97,476,124,112,101,212,215,274,242,294,255,110,108,318,98,300,238,278,234,495,499,96,127,181,111,147,226,385,275,90,99,102,125,152,94,87
114,86,120,163,104,126,137,167,211,156,175,146,218,159,197,121,174,57,54,145,119,203,198,142,214,115,45,154,209,76,81,37,109,208,40,140,84,64,19,193,186,122,25,155,207,59,162,194,12,183
485,470,467,153,142,214,25,464,497,207,84,6,174,205,493,54,167,85,197,57,81,175,203,19,168,198,126,163,114,121,106,159,104,86,208,120,200,76,45,146,137,209,37,40,211,156,145,12,119,64
476,485,470,467,464,497,493,124,111,128,147,213,100,143,105,165,148,92,129,101,97,144,495,157,499,118,127,89,90,115,219,161,212,218,87,91,109,181,395,162,112,151,88,41,104,170,211,184,160,156
115,106,218,104,156,114,120,57,86,163,167,126,174,137,211,175,159,121,197,84,54,214,119,37,142,145,203,198,45,81,19,155,44,76,146,154,140,40,91,209,208,161,64,157,12,122,25,193,186,207
485,470,467,464,493,112,497,476,125,105,165,143,331,92,128,213,148,495,129,100,499,98,97,111,101,41,124,234,238,212,233,219,255,242,215,274,96,333,99,318,294,224,278,52,394,181,42,300,90,301
147,124,170,9,184,118,108,100,112,58,101,165,143,97,157,105,148,92,213,358,128,56,110,144,129,109,433,91,41,83,115,116,275,44,419,99,215,238,323,212,234,242,255,161,318,294,42,274,98,189
110,105,165,143,128,92,148,213,129,394,100,125,98,111,97,219,124,101,215,212,427,96,331,41,234,99,238,242,255,274,324,95,318,294,108,90,278,127,42,147,300,181,473,233,275,43,333,385,339,217
211,106,114,86,104,126,163,120,167,137,175,146,198,218,197,156,159,174,54,121,214,145,57,203,119,142,45,37,76,81,154,209,40,84,140,208,161,115,109,25,19,64,193,207,122,186,155,59,82,12
106,86,163,120,126,167,137,104,211,146,175,156,159,197,121,218,174,54,145,57,119,203,198,142,214,45,81,209,76,154,37,208,40,140,115,84,64,19,109,193,186,122,25,207,155,59,162,194,12,205
485,470,467,109,218,106,156,104,120,114,211,167,163,86,137,126,159,174,175,57,121,197,119,145,146,142,198,12,140,203,214,54,155,154,122,45,84,76,37,464,81,40,186,209,208,161,64,19,193,207
485,470,467,464,497,493,476,495,499,15,157,91,109,12,118,10,115,71,161,66,79,209,53,324,44,174,195,147,111,218,205,55,106,201,13,104,138,156,57,159,114,150,9,70,121,120,170,211,122,167
206,55,109,3,161,37,19,120,214,218,122,167,211,115,137,114,156,86,104,18,106,146,126,163,119,142,76,197,159,121,154,140,175,45,203,84,145,40,174,155,198,64,162,54,81,208,209,57,59,205
189,44,109,115,188,182,157,91,161,155,66,218,57,53,106,154,156,174,104,170,159,184,175,9,147,84,114,121,86,120,62,163,126,167,137,211,197,176,12,142,196,54,119,203,40,76,45,214,198,37
114,106,86,120,167,163,126,137,104,211,146,156,19,175,197,218,159,121,174,145,203,142,198,54,57,214,37,45,140,209,76,154,208,81,40,115,193,84,64,186,109,122,25,207,155,162,194,59,183,12
114,104,106,126,137,86,163,211,167,156,146,218,175,159,197,121,145,174,119,57,198,54,142,203,214,115,154,45,209,485,140,37,76,81,470,208,122,40,84,109,186,19,193,64,467,162,155,207,25,59
175,197,57,45,54,76,86,203,174,40,81,198,126,114,37,106,163,485,84,146,120,159,137,470,64,167,145,104,209,208,156,467,211,142,25,186,193,19,82,183,194,119,140,214,218,190,59,192,207,154
485,470,467,137,140,211,120,86,156,114,126,106,146,163,104,167,197,218,159,145,175,193,121,198,45,119,76,37,203,142,57,54,174,40,209,115,154,214,464,208,186,84,81,64,183,162,497,194,109,25
485,470,467,464,497,138,191,164,63,80,77,204,72,7,177,157,79,87,91,53,38,139,68,186,493,159,66,137,10,150,71,122,120,198,62,45,197,149,193,121,163,185,146,196,86,211,76,114,190,85
147,111,92,143,105,165,148,128,213,485,129,100,470,467,108,97,464,101,170,184,9,495,499,118,497,157,127,144,112,476,493,212,91,90,215,115,255,294,109,242,274,110,275,98,238,318,278,300,181,234
331,110,112,128,129,219,394,97,105,165,143,92,148,213,98,427,124,127,473,42,101,100,52,419,41,385,108,274,90,212,111,234,255,238,215,294,242,278,226,439,103,318,397,480,493,402,300,404,87,147
163,114,86,120,106,104,137,167,211,146,175,156,159,121,197,145,218,174,54,57,203,119,198,81,142,45,209,214,76,37,154,208,40,84,140,19,115,64,186,193,122,109,207,25,205,155,59,162,194,183
470,485,467,464,497,103,493,89,476,23,128,129,131,212,215,495,499,124,92,24,105,148,132,165,143,130,213,135,35,151,30,108,88,97,90,29,31,22,100,141,133,166,112,125,73,87,107,328,32,181
129,143,105,148,165,92,213,100,124,112,97,127,101,108,212,215,98,110,89,90,480,111,96,147,125,242,274,255,181,294,238,479,318,87,234,278,300,102,219,88,152,103,144,99,468,138,131,226,95,218
128,148,143,92,165,105,213,100,124,112,127,97,101,212,215,108,98,110,89,90,96,111,147,125,274,102,242,255,294,152,87,181,219,238,300,234,278,88,419,318,95,144,439,218,138,103,131,99,226,385
35,132,141,31,30,136,24,32,23,103,22,134,29,151,17,36,127,89,18,33,145,192,131,133,149,252,34,77,122,191,75,140,193,37,40,82,76,45,84,139,80,81,63,419,190,16,201,38,121,86
89,103,127,132,24,480,23,475,466,440,469,408,22,30,472,479,460,133,496,31,465,130,35,457,29,468,461,463,141,128,485,129,470,32,406,134,88,467,108,492,136,464,497,171,494,486,34,498,168,495
130,136,134,35,31,30,141,24,23,103,22,32,131,89,36,29,17,127,33,252,151,34,171,46,173,18,20,253,27,133,21,58,88,479,347,149,468,315,48,496,56,350,69,145,169,443,28,292,225,192
159,126,163,86,162,120,154,211,114,106,104,137,156,146,167,218,198,145,29,155,54,197,175,209,22,76,142,208,193,151,119,115,122,192,57,45,121,40,174,84,37,214,81,190,194,25,203,186,140,207
132,136,485,141,470,467,130,464,35,497,17,31,30,24,103,493,252,476,23,36,495,499,18,253,27,20,46,33,32,347,173,350,29,315,69,151,171,22,21,210,131,187,56,149,344,364,28,127,363,342
475,26,466,469,472,479,212,460,465,361,107,343,311,215,308,468,346,463,457,461,317,408,303,83,480,328,153,166,406,23,200,127,61,296,220,6,168,85,142,214,299,25,60,486,14,410,375,458,74,67
132,366,130,371,141,134,31,35,30,476,379,24,17,103,32,173,36,23,381,395,46,33,252,18,27,20,34,29,347,22,292,171,69,253,315,21,276,151,364,348,360,350,440,345,28,89,131,56,304,363
120,114,86,106,163,126,211,104,167,146,156,175,218,197,159,121,145,174,198,54,140,57,119,203,142,122,45,214,154,76,37,209,81,208,40,193,115,186,84,64,19,109,207,25,155,162,183,194,59,205
485,470,467,464,497,157,91,80,7,164,87,63,72,191,10,79,150,177,137,120,123,104,211,167,114,163,146,106,126,86,149,53,139,218,77,493,115,38,156,159,121,197,71,154,175,193,204,203,119,198
80,63,7,72,79,77,38,6,191,177,68,71,85,91,204,149,66,53,45,76,197,164,203,121,40,37,10,64,25,175,198,159,57,54,84,81,137,86,193,174,114,142,146,163,106,145,138,126,140,157
137,86,122,114,106,146,211,120,163,126,156,167,145,197,175,104,121,159,198,203,218,174,45,193,142,119,57,186,54,214,208,37,76,209,40,154,115,81,19,64,84,183,25,194,109,207,190,155,162,59
485,470,467,130,464,497,17,35,136,132,32,493,29,22,476,145,18,134,151,149,140,122,31,190,192,193,183,30,86,137,126,37,45,121,40,175,197,198,163,76,146,159,156,191,186,81,120,57,203,114
214,153,25,167,174,197,114,106,175,86,163,120,126,137,146,54,104,203,121,84,159,211,198,57,156,45,81,207,76,218,37,208,145,119,209,40,19,140,186,64,193,154,205,115,194,183,107,59,109,122
148,165,92,105,485,470,213,128,467,129,476,464,497,100,493,124,97,112,101,212,215,108,98,274,110,242,294,255,495,318,300,499,278,238,111,147,234,127,96,181,90,144,226,102,99,125,275,152,87,219
327,124,147,213,108,385,111,90,148,143,100,92,165,105,397,9,170,97,184,128,404,101,402,129,403,419,409,405,439,275,118,212,234,294,300,242,98,278,274,318,238,226,411,157,255,215,412,202,181,58
126,163,86,175,137,114,106,121,120,167,146,159,104,54,197,174,57,211,81,156,203,45,198,76,40,37,140,84,218,119,209,142,64,208,19,193,214,154,122,186,25,183,207,115,59,205,194,82,109,12
86,114,163,126,137,120,106,167,211,175,197,104,121,159,156,198,203,54,485,145,470,45,174,119,37,76,209,142,57,81,218,40,208,467,214,140,154,64,193,186,19,84,122,25,183,194,207,59,205,190
485,470,467,111,464,124,497,170,184,9,493,476,118,58,108,100,495,56,157,499,101,97,143,165,144,105,92,148,213,128,129,109,91,83,115,323,275,116,44,350,255,242,294,161,274,238,318,112,300,278
143,92,165,213,105,129,128,100,124,97,394,112,101,212,215,98,358,108,110,274,294,242,255,300,318,127,111,278,147,96,238,90,181,234,144,427,102,99,473,125,226,152,279,275,87,95,357,493,138,94
63,72,80,7,79,191,77,91,38,139,177,68,71,53,145,6,157,66,204,10,159,85,121,197,175,81,146,37,164,45,126,198,57,40,86,138,174,64,163,76,137,203,150,114,54,84,106,186,104,120
91,7,157,72,79,63,80,71,138,164,177,470,485,467,38,191,106,167,104,149,114,211,137,139,163,87,120,86,77,126,53,115,218,204,66,109,146,6,156,159,10,68,175,197,121,203,174,119,198,145
29,145,86,126,163,162,120,104,137,114,106,156,146,159,211,175,167,32,192,197,81,203,121,485,122,218,57,37,198,22,470,40,45,76,174,54,119,214,140,84,142,115,467,154,193,59,209,208,19,64
102,485,470,230,467,464,497,493,158,476,36,330,495,480,499,186,479,143,105,210,129,148,165,128,156,92,140,213,183,62,211,218,475,189,176,208,162,199,122,115,468,466,120,104,146,137,29,469,39,167
142,214,25,107,174,167,84,207,54,175,197,114,106,163,86,57,203,126,120,137,104,81,159,198,121,146,211,205,156,19,45,76,208,37,145,218,119,209,40,140,64,193,12,186,154,59,115,194,183,109
155,114,106,86,211,120,137,163,104,126,167,146,175,156,218,159,197,476,121,145,174,203,119,198,54,142,57,214,140,209,76,208,37,45,81,485,40,115,470,193,122,84,186,19,109,467,64,162,207,183
154,485,106,470,163,104,114,211,120,86,137,218,167,126,156,467,159,175,146,115,197,121,174,57,109,142,119,145,203,54,198,214,76,45,140,84,186,81,37,209,208,64,40,122,193,19,162,183,25,207
120,106,104,211,114,137,86,167,218,163,126,175,146,159,197,121,174,115,145,119,57,203,198,142,140,214,54,154,109,208,186,122,45,209,37,76,81,40,193,162,84,155,19,207,64,194,12,183,485,25
91,485,470,467,109,115,79,464,66,138,7,53,497,150,72,104,218,63,106,164,156,80,191,120,114,167,149,211,137,163,10,126,177,87,86,159,174,38,121,175,57,139,161,71,155,119,197,203,145,493
485,470,467,464,133,493,162,211,156,120,137,146,218,198,104,497,167,159,183,114,163,106,208,197,86,186,126,123,194,190,138,115,122,142,193,209,160,175,140,154,119,45,121,192,203,207,214,152,476,54
114,163,175,86,106,126,197,54,137,120,174,146,121,104,57,167,198,211,156,45,203,145,81,40,37,76,84,218,142,64,208,209,119,214,154,25,19,186,115,140,183,193,194,207,109,122,12,205,82,155
485,470,467,185,196,172,182,464,168,497,493,154,189,476,206,155,137,176,120,211,156,104,86,218,114,106,126,163,167,146,11,122,162,145,159,175,197,198,119,183,115,142,188,190,140,203,121,186,214,193
109,115,106,218,156,104,137,114,120,86,211,126,163,167,175,174,57,197,113,159,121,198,142,214,203,84,54,119,146,145,154,45,76,140,155,37,122,81,208,40,209,186,25,193,59,19,55,207,44,162
120,211,104,114,156,137,106,86,126,167,163,146,218,197,175,159,121,119,198,209,142,145,154,203,208,174,57,122,54,214,140,186,115,45,37,76,40,81,193,109,84,194,155,485,470,467,25,19,64,207
126,114,86,106,167,120,137,104,146,211,175,156,159,197,121,174,218,54,145,57,203,198,119,142,81,214,45,76,209,154,37,40,208,140,115,84,64,19,186,193,109,207,122,25,155,194,59,162,205,12
485,470,204,467,464,7,63,80,72,497,79,91,191,177,77,38,138,157,71,139,55,62,114,175,197,86,150,44,106,120,104,203,10,163,167,126,6,121,146,137,68,211,87,76,198,159,123,149,45,218
143,148,92,105,213,128,129,100,485,470,467,464,97,124,112,101,497,212,476,215,493,495,108,110,274,499,294,242,255,318,300,98,111,278,238,234,127,96,147,181,90,226,94,125,87,99,275,218,102,144
311,220,212,135,215,385,26,278,274,243,255,61,242,294,107,300,318,397,234,226,238,127,439,404,308,402,328,403,339,409,405,165,97,153,419,148,296,73,128,143,100,317,129,92,411,412,105,11,101,202
114,163,106,120,86,104,126,211,137,156,146,218,175,174,159,197,142,121,214,145,119,54,203,57,198,154,81,115,140,209,45,76,208,37,40,19,109,84,207,193,122,64,25,186,153,155,162,59,205,12
485,470,467,196,185,182,464,160,172,497,200,189,142,153,206,154,176,214,25,493,107,155,197,84,175,203,198,476,188,183,186,86,120,137,174,167,76,121,126,156,159,114,106,146,163,54,40,57,104,207
171,476,485,470,467,8,464,20,27,495,293,28,499,69,245,263,306,257,4,296,258,250,315,262,497,241,266,276,253,187,244,302,316,290,264,46,314,271,493,270,259,277,292,248,312,310,285,308,267,252
184,9,58,147,56,462,486,111,458,471,459,400,487,347,118,477,124,363,401,393,355,483,380,348,354,344,369,370,343,399,364,83,372,378,345,387,368,365,351,44,65,342,392,360,66,376,356,374,416,482
169,394,358,350,8,20,357,27,4,69,258,28,293,306,315,264,187,250,266,290,296,263,46,245,253,276,313,241,257,302,271,292,262,244,316,285,252,310,270,308,248,309,314,277,259,247,312,267,21,31
185,196,160,182,168,486,458,462,206,154,189,155,487,137,120,211,86,146,186,459,114,106,156,197,104,203,167,198,163,218,176,188,175,126,121,140,159,142,183,115,122,190,119,471,200,174,145,40,214,11
485,470,467,464,495,499,476,497,136,493,17,8,141,4,169,210,171,134,263,132,202,187,225,18,269,93,424,241,248,10,427,42,221,148,3,262,117,129,257,247,244,293,229,224,68,264,276,143,231,190
175,54,57,121,197,81,163,114,86,106,167,203,159,126,137,120,142,198,84,76,214,45,104,146,145,37,40,156,64,25,211,208,209,207,218,19,119,109,115,193,205,186,140,153,194,82,154,183,12,59
197,121,86,57,174,54,114,106,126,163,203,81,137,198,146,159,120,76,45,167,485,470,40,37,104,467,145,84,156,211,64,208,142,209,25,214,218,19,119,193,186,82,154,183,207,140,194,59,205,115
485,470,467,464,497,189,188,493,154,168,182,186,476,200,196,185,155,206,183,159,175,205,137,126,40,198,163,197,146,156,203,86,174,37,121,208,45,120,114,54,160,76,106,104,179,172,167,81,207,218
85,63,72,7,80,79,191,77,68,38,139,204,91,6,71,164,149,186,10,66,203,121,197,175,59,53,37,76,157,138,40,86,146,57,45,159,114,198,126,106,150,54,174,163,209,137,64,81,120,167
485,470,467,174,64,81,175,57,121,163,86,40,54,114,76,197,126,45,203,159,37,106,137,146,167,205,208,145,84,120,186,12,209,192,198,104,156,207,142,25,19,214,211,119,82,194,193,59,464,218
470,467,485,189,497,176,154,64,37,146,464,197,40,45,159,81,121,198,175,86,76,163,203,149,155,186,57,120,84,54,126,200,174,114,106,137,205,14,167,140,156,104,25,19,218,214,145,188,142,211
126,104,163,106,167,86,114,137,120,211,146,174,175,218,156,197,121,186,209,142,54,214,198,203,159,119,40,57,140,208,207,154,81,205,45,64,76,145,37,115,122,109,25,193,84,19,153,113,162,190
467,470,485,497,464,493,476,213,92,105,143,98,165,148,499,180,128,100,495,212,101,108,97,124,490,491,129,489,112,483,481,215,482,90,242,96,110,162,294,274,238,318,255,500,127,474,234,93,300,473
185,196,160,168,172,189,154,155,176,175,106,137,206,109,188,197,174,114,115,118,57,86,203,126,120,198,121,159,163,104,142,84,76,167,40,218,214,54,211,156,37,45,190,25,81,183,194,64,145,157
198,197,45,121,203,175,40,190,37,76,208,194,186,64,159,54,81,57,209,146,84,193,86,174,25,137,114,145,82,126,106,120,163,192,142,156,167,211,140,104,59,19,207,214,205,119,122,154,218,49
170,9,485,470,467,58,464,497,147,56,493,111,476,118,124,495,499,65,83,44,66,157,53,486,109,91,251,458,293,188,487,116,270,144,462,108,246,291,459,189,115,171,471,310,161,169,271,247,321,15
196,172,160,182,168,394,358,206,154,189,155,137,176,203,183,120,198,156,197,186,211,86,114,106,175,146,104,159,163,188,126,115,121,167,199,190,76,218,142,40,193,140,145,122,45,119,174,191,37,350
197,121,198,175,146,203,86,137,163,156,159,126,40,45,208,114,183,120,106,57,37,209,174,54,76,104,167,211,142,140,145,81,64,84,193,190,218,194,25,119,214,82,59,205,154,207,19,122,115,192
485,470,467,497,464,493,476,171,499,495,169,8,4,27,20,69,251,486,293,248,265,266,264,46,253,258,277,250,290,28,269,292,5,271,296,306,471,257,149,458,247,462,263,276,267,270,244,3,308,173
189,176,182,118,168,196,200,185,91,66,79,172,206,139,63,154,155,157,80,77,53,7,72,68,191,177,160,38,496,204,6,186,179,164,10,115,71,175,109,149,85,121,57,183,40,197,138,203,45,106
176,188,118,154,155,182,200,168,109,156,159,196,218,115,106,104,175,86,137,114,120,211,163,186,57,185,167,126,197,174,121,198,206,142,172,40,140,145,45,146,203,214,183,37,119,54,160,162,84,76
198,183,197,121,203,76,45,175,40,37,146,208,209,193,64,54,186,86,84,57,126,137,194,163,114,25,106,120,159,81,145,192,174,142,167,82,104,156,211,140,119,19,59,154,214,207,122,218,205,115
63,80,470,485,72,7,77,79,467,6,38,85,177,149,139,71,204,68,91,66,53,164,10,121,203,197,25,45,76,497,175,464,84,198,40,37,190,81,54,174,64,157,138,57,82,183,142,159,145,209
121,175,197,54,76,198,40,37,81,45,57,203,174,183,86,64,84,146,126,208,163,193,190,209,114,82,159,106,137,120,25,167,194,145,186,59,119,156,19,211,104,142,207,214,205,140,218,154,122,49
197,198,121,175,137,45,146,86,76,203,54,40,163,37,126,114,106,57,81,120,174,159,167,145,208,64,84,140,209,470,183,211,485,156,122,104,142,25,186,82,190,194,467,119,214,218,19,154,192,59
198,45,197,470,485,40,121,175,37,64,203,54,76,183,57,81,84,159,467,146,174,86,208,25,114,163,82,126,106,137,209,120,193,186,190,156,145,142,167,104,211,19,207,140,214,192,119,59,205,49
485,470,467,464,497,198,194,190,197,45,183,121,193,203,76,81,64,175,37,40,54,57,84,145,146,137,86,174,82,25,493,114,159,163,209,106,126,120,186,19,80,63,140,208,142,167,156,476,104,211
185,172,160,182,168,206,154,189,485,470,155,137,120,203,86,197,467,106,198,156,114,211,175,199,146,163,76,104,126,167,159,121,176,40,186,218,142,115,183,45,188,119,37,57,145,174,54,140,193,190
198,175,121,45,203,76,86,37,57,40,54,146,114,106,159,174,81,137,163,126,84,120,64,208,167,209,25,142,156,211,104,145,183,193,194,186,214,82,119,19,140,218,190,207,154,59,205,122,192,115
485,197,470,175,45,121,203,76,37,40,467,54,57,146,159,86,81,208,114,64,84,183,137,106,163,174,126,194,120,25,209,167,142,193,211,156,186,145,104,82,190,214,19,119,140,207,218,192,205,154
485,470,467,464,497,493,476,196,208,156,76,52,203,120,106,86,137,114,197,175,211,126,163,146,115,167,198,54,57,37,40,104,185,84,45,121,218,145,119,214,142,174,81,206,64,159,193,19,154,59
189,168,153,495,142,214,107,176,25,154,49,485,499,470,188,467,155,197,167,175,86,182,198,196,174,207,106,203,159,114,146,57,54,120,84,163,208,104,211,126,186,209,137,162,218,156,121,81,75,183
174,54,175,81,57,167,145,159,197,163,137,114,86,121,214,106,198,126,146,25,142,84,45,120,37,40,104,76,203,156,211,208,64,205,207,12,193,218,49,209,153,82,119,19,183,194,154,140,186,122
467,485,470,464,497,476,493,495,499,88,90,324,73,173,98,95,459,108,144,213,89,227,215,486,368,166,101,92,127,148,229,261,462,228,259,2,248,458,471,487,99,244,23,257,143,100,321,375,131,241
197,175,121,198,174,54,81,76,86,57,45,146,114,37,40,106,126,163,159,84,137,167,120,64,209,208,142,25,145,156,211,104,183,214,186,193,19,194,82,119,207,140,218,190,154,205,59,192,49,115
485,470,164,467,63,80,7,77,464,72,79,191,38,177,68,6,139,497,66,62,71,85,91,44,53,55,76,203,197,198,121,45,64,175,149,37,40,10,81,57,209,54,84,186,174,82,159,183,25,86
81,54,57,175,208,174,197,84,214,121,126,209,37,159,25,198,203,207,163,142,146,114,76,45,40,86,137,19,120,106,104,167,145,64,156,211,186,153,82,12,183,218,49,194,119,193,59,154,140,192
467,470,485,196,497,185,464,172,168,493,476,154,189,182,37,117,176,203,120,186,76,197,160,155,156,86,211,198,137,146,218,175,114,40,106,167,163,109,19,126,121,159,115,214,104,142,45,199,140,64
174,54,175,214,197,142,81,163,126,25,198,167,203,159,57,121,114,86,84,106,137,120,146,218,205,76,104,208,156,45,153,211,145,37,64,40,209,19,119,186,194,82,193,183,140,154,12,115,192,49
197,198,175,54,121,57,209,40,37,45,76,203,86,81,146,114,174,126,159,106,163,84,137,120,64,25,156,167,183,186,211,142,467,145,470,485,214,205,104,193,82,194,19,119,207,140,218,190,59,154
197,470,485,175,121,467,208,57,54,203,198,86,126,114,146,106,45,76,163,81,120,137,37,40,159,174,167,84,104,211,64,145,156,142,25,186,183,193,214,205,119,19,218,82,190,194,140,207,59,154
470,485,467,464,497,183,493,17,190,197,198,45,203,209,476,145,175,208,121,76,37,40,62,146,54,81,57,194,64,159,86,186,84,114,174,25,126,137,193,120,106,19,59,163,82,142,205,167,211,156
120,104,137,106,114,167,86,218,163,126,156,146,175,159,197,119,145,121,154,174,142,198,214,203,140,115,54,57,122,209,208,45,76,37,109,81,186,155,193,40,162,84,207,19,64,25,113,59,12,205
485,470,467,464,215,497,135,493,476,105,92,213,165,127,143,148,128,107,129,97,100,495,26,242,274,499,166,255,101,234,278,238,124,112,153,226,200,275,181,108,243,110,214,168,98,142,73,256,216,90
92,105,143,148,165,128,129,100,97,101,124,112,212,215,274,98,108,242,255,278,110,238,234,476,371,181,366,96,328,294,127,300,318,144,111,147,99,90,226,275,343,125,385,361,102,95,243,87,311,308
142,153,167,25,174,114,106,86,163,126,120,175,197,137,104,211,54,146,159,156,203,57,84,218,121,207,198,81,208,37,119,19,145,45,205,76,209,40,140,154,64,109,115,12,193,107,186,122,59,194
485,470,467,476,464,212,497,493,135,105,165,92,213,143,128,148,129,127,100,495,499,107,101,97,112,166,124,242,274,98,255,26,83,278,226,275,238,153,234,110,200,181,111,90,147,214,95,74,108,279
214,142,153,156,119,167,114,106,86,137,104,126,174,163,25,120,175,19,146,211,159,197,140,218,203,207,145,54,121,57,81,84,37,208,154,40,198,209,45,205,193,12,107,122,109,76,194,115,64,155
485,470,467,476,464,497,340,493,495,499,243,176,165,92,98,105,148,366,320,143,299,321,343,319,112,16,239,180,128,95,213,99,129,124,234,147,311,278,274,110,255,212,242,238,90,111,181,226,280,100
211,104,156,120,106,167,114,137,86,163,126,115,146,175,159,119,174,109,197,154,214,145,121,142,57,203,140,198,54,122,155,207,209,208,162,186,81,45,37,76,193,19,40,84,12,64,113,25,205,153
485,470,467,464,497,493,476,495,499,112,125,41,47,226,108,128,129,110,105,234,143,238,165,92,98,148,242,78,42,213,16,255,96,87,274,93,111,177,100,294,278,73,70,34,243,99,124,48,97,212
26,166,258,246,51,247,135,241,264,254,324,433,267,331,266,251,27,252,61,276,271,245,20,260,265,226,69,46,248,250,269,107,419,263,270,257,23,225,277,259,253,262,229,21,415,432,232,294,171,235
311,303,366,491,371,313,309,296,307,101,308,65,483,343,482,490,395,262,361,310,356,379,489,306,354,317,302,355,327,97,292,382,481,401,370,117,373,378,486,377,399,291,315,351,360,316,83,372,429,458
362,332,216,464,3,93,291,432,351,226,365,342,427,48,8,323,73,350,391,412,352,69,394,344,393,447,96,225,171,234,243,34,238,232,364,369,376,399,452,372,390,355,444,320,169,255,413,242,339,266
341,340,251,20,171,423,27,269,82,267,225,258,169,370,277,266,265,256,276,244,21,50,248,320,69,254,250,270,8,229,271,232,264,253,245,262,231,246,321,226,46,263,237,247,28,257,319,259,306,4
285,354,374,396,378,458,110,462,315,486,376,246,314,459,293,401,257,364,359,471,296,487,363,372,360,375,292,380,302,370,225,348,393,368,297,391,342,399,351,355,243,226,357,392,290,373,312,377,400,345
229,232,231,226,325,237,236,34,265,269,33,374,251,272,247,248,253,259,246,264,266,258,27,245,267,254,263,262,427,28,401,20,223,271,252,270,257,173,244,317,250,273,260,220,21,188,224,32,235,195
238,234,274,242,255,225,243,235,100,229,97,213,232,105,212,101,378,231,92,165,256,143,355,401,302,363,73,219,399,239,293,315,395,276,296,94,277,376,148,354,364,416,297,290,370,351,215,313,292,400
294,278,300,318,385,397,275,402,403,404,93,301,427,338,419,323,405,476,41,493,73,412,244,409,439,239,464,243,238,467,398,229,234,202,67,485,421,139,231,232,279,470,255,99,324,242,341,98,497,423
328,428,204,164,489,55,44,62,250,360,33,271,245,352,316,20,118,262,27,261,241,14,8,231,171,266,247,229,253,69,73,269,265,232,258,21,248,251,275,246,46,267,361,300,169,244,270,264,260,263
231,232,225,329,237,369,236,34,33,226,245,269,265,247,244,253,246,251,262,259,264,250,27,356,248,258,20,267,263,266,271,254,310,28,260,376,241,235,252,188,21,375,257,58,270,458,276,26,462,316
152,36,401,364,376,355,276,315,378,102,372,314,370,400,158,363,302,399,357,395,293,290,296,360,292,297,277,416,375,377,458,342,316,352,354,348,356,392,351,388,359,369,313,272,396,368,380,379,374,350
232,229,225,237,330,236,34,33,266,265,246,247,251,269,263,264,253,244,245,226,250,258,248,27,20,259,254,262,267,188,260,28,241,235,252,32,21,171,257,169,373,68,239,4,69,58,65,261,31,412
231,229,225,237,236,34,33,315,266,376,458,355,378,351,370,401,276,290,364,369,265,392,363,246,296,293,302,372,462,245,459,263,226,292,399,264,416,395,400,251,377,357,342,360,247,471,244,272,487,388
315,401,370,276,364,378,458,376,363,351,369,296,355,459,269,372,462,399,293,302,290,392,379,292,46,395,416,342,354,360,373,388,375,310,471,377,400,314,486,297,487,272,277,357,271,359,361,380,356,344
333,238,242,255,226,243,433,235,105,213,92,239,165,143,212,100,148,73,97,256,112,101,128,270,110,124,41,215,94,129,219,166,218,147,157,211,180,104,155,115,156,111,189,164,167,150,118,154,87,153
274,294,278,300,318,385,238,397,234,236,226,402,275,255,419,242,237,404,403,243,338,405,123,301,232,421,79,138,263,409,231,70,157,94,229,72,87,63,239,4,412,91,7,38,164,323,12,427,53,54
237,232,231,235,229,278,274,294,246,300,318,247,258,225,245,262,248,264,257,259,244,263,251,432,250,27,254,20,241,253,239,46,260,267,338,4,275,21,385,252,270,28,297,397,58,269,271,69,359,273
236,231,232,247,244,263,229,258,262,266,291,257,246,251,250,27,378,245,20,342,315,241,401,270,369,267,248,364,297,259,309,225,351,293,253,302,292,235,269,296,46,380,376,379,310,316,354,254,276,265
234,242,255,226,266,243,269,235,265,315,292,271,293,290,378,355,401,276,380,364,345,270,363,351,302,376,264,370,316,267,105,342,213,296,392,354,369,379,348,399,391,458,372,92,356,297,143,416,365,377
274,294,300,278,318,385,397,402,275,243,404,234,403,338,419,238,405,94,237,255,226,301,409,242,236,421,21,412,235,427,398,323,411,232,231,227,229,433,413,279,439,432,61,217,70,414,324,476,493,464
5,443,13,1,294,278,318,274,300,119,301,385,399,397,96,216,19,402,403,398,327,312,302,404,341,405,338,316,396,376,266,276,291,98,357,395,364,309,99,332,264,401,362,304,8,489,356,493,67,267
258,247,340,254,251,257,246,244,250,27,20,248,245,259,252,253,46,28,169,171,69,21,65,8,237,48,56,220,58,236,4,61,26,231,31,229,232,30,393,285,275,39,24,228,68,187,85,33,50,173
255,238,234,356,482,309,483,401,306,307,490,491,310,264,313,315,378,262,226,355,292,393,365,293,263,276,314,380,486,347,302,489,266,290,372,271,400,265,348,303,458,260,316,396,269,342,369,462,392,375
274,294,278,300,318,385,255,397,275,234,238,242,402,226,404,403,338,239,301,405,419,235,409,97,73,217,166,105,212,92,412,213,421,165,143,411,148,100,101,427,323,413,432,279,128,227,224,439,414,16
27,247,20,251,245,253,241,248,278,250,274,246,254,294,300,318,252,46,28,237,21,69,169,171,65,385,39,49,82,231,229,232,397,8,236,56,419,275,26,58,31,183,64,4,61,208,30,40,81,84
365,20,401,27,293,266,355,290,276,262,315,347,316,348,458,257,271,351,292,380,302,370,378,244,258,372,265,267,269,360,259,363,364,263,399,345,462,375,486,296,270,354,396,376,393,253,369,400,342,248
347,401,262,292,276,380,269,364,363,369,315,267,354,459,462,376,266,355,387,378,247,270,20,373,458,314,370,396,27,258,257,348,296,393,486,399,293,265,251,316,375,241,342,297,271,263,372,400,374,345
248,266,241,401,378,251,292,27,363,244,265,302,271,296,380,355,246,20,315,258,376,347,257,293,253,342,351,364,250,395,388,354,264,399,369,377,370,391,459,393,374,372,373,356,276,458,270,291,269,348
247,355,258,266,254,378,302,293,265,401,257,290,292,458,315,271,356,313,27,276,251,264,348,365,345,269,270,312,20,263,399,396,262,372,380,370,309,310,395,483,307,486,376,244,363,277,267,306,351,354
265,266,292,378,293,269,401,458,270,355,315,271,370,290,296,267,380,348,375,388,254,374,312,276,258,257,459,376,364,387,347,363,354,369,393,359,396,277,360,416,462,297,486,395,302,253,368,365,351,262
20,27,247,241,249,244,248,246,245,46,171,28,169,21,69,237,8,60,56,39,424,4,65,231,232,236,229,58,26,228,31,253,30,187,33,34,500,61,220,24,48,293,225,68,172,447,36,50,415,82
253,247,271,248,276,27,244,363,292,315,458,356,290,401,241,266,246,262,258,20,355,267,459,486,462,264,365,378,316,351,265,347,245,392,296,257,254,46,302,270,375,342,380,269,487,348,354,369,388,376
265,355,315,290,266,401,292,351,293,271,396,276,378,370,345,458,302,393,258,269,270,348,354,347,296,373,372,369,380,342,416,375,254,350,262,27,399,267,365,376,486,357,364,257,363,297,359,20,309,356
408,253,27,258,247,20,21,244,458,486,245,266,363,290,315,401,347,387,292,399,372,293,462,276,264,355,482,364,257,348,342,302,380,459,356,270,267,259,271,350,246,376,483,351,378,262,395,269,241,471
252,458,250,241,266,363,365,276,462,347,293,258,355,315,351,271,399,267,27,401,487,348,257,486,345,302,292,20,376,372,262,269,270,378,380,290,387,416,396,354,375,459,342,471,296,393,370,248,408,246
242,238,234,247,264,258,315,356,307,292,266,401,302,355,226,248,483,313,290,309,269,348,458,310,378,251,342,265,271,372,370,293,306,482,257,462,316,276,260,267,486,396,373,354,243,365,490,312,380,459
274,294,278,300,318,385,397,275,402,403,404,338,242,405,301,419,238,256,409,234,226,411,421,412,212,192,323,413,70,94,398,223,101,414,439,102,105,279,168,213,432,181,243,207,107,61,92,295,433,123
27,20,241,46,21,28,69,169,260,237,171,300,318,56,294,278,274,275,26,61,58,8,255,65,487,236,385,4,31,397,402,30,15,39,338,50,495,403,233,24,231,187,229,232,404,224,225,68,220,313
270,241,399,266,27,401,290,293,302,247,271,355,20,380,363,276,292,347,258,378,265,458,345,267,244,296,262,365,395,348,376,315,269,459,486,462,354,370,253,263,245,246,351,372,396,248,21,416,312,377
356,309,483,292,313,401,307,247,315,486,355,290,266,458,264,372,302,482,293,254,363,462,376,276,348,354,378,310,306,271,399,257,380,490,312,347,396,270,342,345,491,365,259,395,262,370,253,269,351,265
261,290,258,372,244,262,270,401,293,370,347,276,257,365,302,266,263,399,315,363,355,458,348,247,351,267,27,248,251,364,345,462,252,380,486,395,265,375,245,304,20,378,292,271,373,369,376,269,362,297
487,264,313,258,462,483,356,241,254,482,269,401,247,376,309,354,315,490,372,307,368,292,491,355,378,458,306,486,253,351,459,489,392,312,276,250,245,266,347,310,375,293,345,290,265,262,271,251,370,380
259,27,20,46,21,258,290,28,237,169,372,69,171,221,65,307,252,257,363,61,270,302,241,304,356,263,483,462,293,56,309,236,370,482,486,399,427,458,313,262,365,260,490,491,247,264,459,292,345,487
276,401,245,399,244,347,267,293,364,376,355,257,258,315,263,270,378,241,27,265,292,20,369,290,396,486,380,365,269,266,271,314,247,302,393,363,458,342,348,296,372,345,360,250,253,316,259,462,354,251
269,393,266,458,270,290,378,302,355,293,262,314,347,20,399,401,486,462,27,247,271,375,315,241,258,257,348,365,244,292,396,380,245,316,345,459,372,267,379,296,276,310,370,400,363,248,354,251,373,471
356,258,486,483,241,254,315,462,458,401,276,260,309,313,348,247,306,482,269,364,490,372,487,266,392,27,302,20,292,376,293,271,307,355,491,265,459,342,351,246,290,347,250,312,363,378,316,395,310,373
27,20,248,266,292,376,355,247,401,269,276,251,378,380,458,363,396,370,315,377,257,354,296,270,293,459,246,368,375,372,290,359,393,267,271,347,258,262,374,312,351,356,360,364,244,399,277,345,342,348
458,315,292,271,363,401,355,290,293,270,269,354,247,459,302,246,265,378,248,258,257,351,348,347,296,267,364,373,263,399,276,370,342,380,396,471,486,462,244,251,372,27,388,376,377,369,345,379,365,253
269,266,401,270,354,380,376,315,271,347,364,293,302,370,458,262,351,257,245,276,355,378,296,290,399,292,248,297,312,265,375,373,258,253,363,244,345,348,486,359,387,462,360,365,374,396,342,250,416,459
287,280,286,273,27,20,272,46,28,21,69,171,169,4,61,50,231,374,68,229,26,8,56,77,58,289,34,225,65,31,82,39,80,378,85,63,30,302,33,79,66,64,38,53,187,204,40,72,81,183
267,380,266,263,27,370,315,270,20,378,396,293,265,401,458,292,271,375,245,348,351,46,248,354,355,296,345,347,290,302,372,462,297,393,376,264,247,364,258,276,373,379,257,374,360,399,363,312,262,272
257,27,271,20,293,266,380,378,269,267,290,292,315,401,355,396,370,347,354,399,263,248,375,276,345,458,265,359,296,258,486,393,348,262,46,247,376,363,302,357,245,373,351,342,379,462,251,377,372,364
270,266,380,293,292,315,401,378,296,355,458,348,365,276,302,354,290,269,257,370,267,247,345,258,359,250,369,363,347,248,375,351,244,272,486,396,376,251,246,265,342,462,253,393,360,263,459,391,262,373
273,378,271,280,302,315,287,269,290,374,293,268,380,292,267,355,345,289,370,244,401,296,351,276,266,396,354,270,277,377,286,373,360,251,348,257,347,263,416,375,376,247,248,458,297,265,258,245,365,262
272,280,287,268,286,226,269,378,374,302,293,267,289,271,370,315,355,244,266,351,373,296,348,297,345,354,277,292,380,263,270,347,375,360,213,377,105,248,365,290,247,257,265,372,401,92,276,245,368,393
255,242,294,278,300,318,238,234,385,397,243,402,275,403,404,338,235,405,301,409,256,97,419,105,100,92,213,239,411,124,212,143,165,147,111,215,94,148,101,412,413,157,414,421,112,98,323,123,144,128
27,20,21,300,278,318,294,242,255,274,46,28,171,238,169,69,385,234,397,402,256,65,403,56,8,31,405,226,404,26,30,58,243,4,409,61,33,338,34,235,220,24,68,77,411,36,240,39,67,187
401,262,292,376,348,315,364,271,302,347,266,265,399,245,293,363,396,365,486,258,360,458,257,244,264,290,247,296,270,355,250,267,372,380,253,459,269,316,351,378,345,251,354,392,416,370,356,462,20,395
293,401,266,355,315,368,265,354,374,347,271,378,302,363,296,458,247,462,258,380,416,248,348,269,290,372,270,376,292,267,251,253,359,375,393,276,387,399,370,285,272,257,471,351,342,486,254,356,396,304
274,294,300,255,242,318,238,234,385,226,397,402,243,275,403,404,338,405,235,409,256,301,419,411,239,15,413,412,148,414,165,92,43,143,105,213,212,398,417,421,418,323,42,128,129,215,427,100,432,439
284,420,397,385,402,455,282,403,409,286,404,405,300,318,294,274,411,242,238,255,412,234,338,413,326,27,418,414,226,322,278,20,417,320,398,28,46,321,217,35,133,95,328,21,77,58,415,319,56,239
268,287,286,273,272,374,378,289,27,302,281,370,20,373,277,269,267,244,271,28,360,377,293,351,21,296,56,344,355,354,315,46,375,284,365,69,297,246,368,380,322,319,308,372,345,251,387,390,321,320
422,372,65,364,378,273,315,370,15,347,342,280,387,27,296,380,271,302,401,360,272,400,289,297,258,269,359,266,244,293,355,262,354,377,292,407,307,351,20,365,267,245,252,265,270,416,374,247,363,396
283,380,420,284,245,269,359,377,370,69,27,365,455,254,247,391,312,401,257,20,302,351,265,246,378,310,374,258,306,263,396,28,244,293,290,276,372,46,262,416,369,458,253,292,252,279,313,363,266,376
15,282,370,380,269,351,293,420,285,374,359,365,392,271,296,306,291,290,245,373,315,379,289,292,277,355,388,401,267,270,372,247,342,266,395,368,297,276,251,253,352,363,347,244,396,387,378,254,312,258
455,20,27,46,279,21,69,28,302,171,282,56,169,365,257,247,312,254,8,377,5,26,265,376,416,370,378,4,58,471,277,458,400,313,359,244,374,462,258,307,396,322,306,31,263,459,347,486,399,241
347,315,266,348,363,393,380,396,458,401,345,292,269,251,302,354,370,293,342,258,277,290,462,355,372,296,271,416,365,486,245,459,267,368,244,351,297,374,373,253,257,375,471,265,270,254,276,387,248,378
268,287,280,273,272,374,289,279,284,378,302,377,370,322,267,277,321,320,269,373,27,425,319,426,244,271,344,281,360,351,293,20,431,386,288,338,334,354,447,403,368,326,35,28,448,430,46,436,421,225
268,280,286,273,272,374,289,378,302,41,370,373,244,267,277,269,377,293,271,351,360,344,39,354,368,284,355,296,375,95,297,322,315,320,281,321,365,90,345,308,246,348,380,319,390,251,56,264,270,306
429,289,27,20,46,28,21,69,56,26,39,4,171,61,169,58,31,68,77,30,85,24,65,53,82,48,34,80,33,63,67,66,50,6,51,322,320,356,8,344,75,272,378,321,84,25,195,79,38,407
27,20,288,378,46,272,292,355,273,269,370,21,28,293,380,69,315,302,296,393,265,354,263,267,351,345,262,271,266,401,347,356,376,458,258,248,396,348,400,290,377,374,270,344,372,462,247,276,342,399
293,266,315,355,258,458,292,342,257,270,271,345,396,247,373,259,302,251,244,401,347,363,372,276,263,370,348,399,378,269,354,365,267,248,265,376,462,486,380,296,262,459,250,297,272,351,254,356,312,375
27,20,46,21,69,347,28,266,246,315,350,351,293,251,364,265,378,368,342,401,348,276,380,244,355,370,302,393,292,296,375,247,248,264,376,373,377,270,56,262,258,236,245,290,316,396,372,365,354,387
266,378,315,258,271,276,27,354,355,20,401,296,265,363,380,459,290,376,245,345,293,347,248,348,458,270,396,269,364,342,247,365,369,257,246,251,395,375,28,379,370,302,254,312,356,351,399,244,267,486
355,271,315,363,290,266,250,270,378,380,458,292,247,302,257,347,269,401,276,258,244,388,267,248,296,486,370,354,375,462,262,265,387,348,351,365,359,251,263,253,345,459,277,396,342,399,372,316,241,376
300,274,278,318,255,242,238,234,385,397,226,402,403,275,404,243,213,405,338,409,235,301,256,212,411,239,413,60,215,414,419,412,417,398,418,279,421,323,427,219,439,432,218,123,295,415,433,99,424,211
27,20,26,299,69,28,298,46,21,169,171,61,56,423,8,135,58,4,31,85,30,23,107,67,65,6,24,34,77,25,385,39,48,397,33,187,50,404,60,82,68,200,51,402,338,403,62,63,84,36
379,308,311,395,370,317,303,401,355,343,292,361,271,266,315,302,380,369,347,458,360,354,378,366,293,351,348,342,276,269,371,364,265,270,376,257,267,462,396,248,486,246,399,258,400,290,363,416,365,377
396,345,269,267,315,360,290,347,348,401,245,399,302,342,292,373,363,258,380,296,293,372,370,310,266,265,248,354,276,368,251,355,270,351,378,359,312,376,298,314,271,257,364,369,247,262,357,285,393,395
299,297,304,342,345,295,348,396,372,347,305,296,293,292,310,315,375,302,373,290,363,401,269,317,364,253,380,251,245,395,392,276,270,355,312,271,370,257,374,378,354,285,388,244,26,247,359,60,266,258
298,295,317,105,92,143,165,395,348,345,343,148,296,366,371,308,303,97,379,100,311,361,101,297,310,372,257,302,396,253,124,342,128,388,347,355,129,363,285,166,292,392,370,276,269,368,147,476,359,112
294,274,318,278,255,242,238,234,385,397,402,226,403,404,275,243,405,338,409,213,256,235,411,212,301,413,414,239,417,418,215,412,419,398,100,279,421,101,97,105,110,427,165,323,295,92,432,143,439,415
27,20,28,46,21,305,69,171,169,318,294,278,274,242,385,397,255,402,300,404,4,403,56,405,26,58,8,61,238,304,234,411,409,31,30,413,77,239,414,340,34,39,68,65,33,15,226,24,417,82
26,315,266,370,401,258,355,365,247,378,296,348,276,271,293,257,347,290,380,396,399,267,372,354,458,292,486,269,363,263,360,246,377,416,376,254,342,244,351,270,373,272,345,364,251,264,262,462,265,253
361,343,317,379,371,366,311,308,296,395,355,310,356,309,258,292,401,315,241,370,483,342,375,307,486,369,378,20,290,458,27,400,396,306,313,264,482,266,271,380,302,254,348,462,257,293,314,247,373,270
305,354,290,315,293,347,266,374,292,298,270,302,277,265,372,355,342,401,363,263,296,258,380,375,251,269,276,259,364,348,245,257,351,267,271,248,262,392,345,297,370,285,396,314,399,247,416,244,316,458
304,27,20,171,298,374,169,301,69,28,46,392,375,354,407,21,8,265,372,293,355,297,277,351,246,296,251,302,342,315,347,266,401,393,303,316,380,317,348,313,377,271,247,370,378,245,258,267,363,292
483,309,307,482,491,241,490,356,313,310,258,264,481,489,486,401,247,351,315,458,254,355,462,380,312,471,292,293,347,302,266,303,276,378,27,370,269,314,296,260,372,459,246,245,377,20,363,257,265,354
26,491,483,482,490,309,356,313,306,258,241,489,254,310,481,401,355,264,247,392,372,135,315,292,302,303,342,395,486,246,27,312,260,265,266,378,314,276,354,251,364,20,252,296,290,248,359,458,293,360
366,371,343,361,311,296,317,379,303,395,370,355,458,486,364,348,462,315,369,266,292,351,27,267,276,378,264,20,271,401,380,376,269,354,302,459,352,258,372,248,293,347,270,375,265,290,471,257,476,399
483,482,491,356,490,313,258,307,241,306,489,310,264,401,481,303,254,315,247,486,20,27,355,251,292,266,312,373,248,314,316,458,260,276,396,269,342,265,351,462,378,375,246,296,270,293,262,354,290,302
26,356,241,309,306,258,315,355,483,307,401,303,292,482,313,369,491,247,135,254,348,396,245,490,342,269,297,378,486,312,290,264,347,293,302,263,296,266,380,363,314,458,372,379,395,373,392,345,462,262
366,343,371,308,361,296,303,379,317,395,21,20,27,220,355,370,292,354,266,369,377,28,401,458,257,267,315,378,351,342,302,258,271,400,462,348,270,310,46,396,486,381,476,360,69,393,380,246,365,347
376,258,399,347,292,267,265,247,396,266,269,380,363,354,401,248,290,257,296,315,359,378,458,302,276,364,342,264,355,245,462,310,293,370,270,395,486,365,309,297,253,351,356,348,254,246,400,271,459,345
483,482,356,491,490,309,307,258,489,306,241,247,264,260,486,254,310,481,20,27,458,401,355,372,462,265,487,315,392,354,292,312,276,376,303,250,266,253,459,302,374,378,293,269,342,396,348,248,351,290
27,20,401,263,46,380,245,262,241,364,315,347,355,258,28,276,345,348,269,372,292,293,378,316,375,458,266,267,310,297,21,296,309,360,396,486,393,462,247,69,376,244,270,356,342,290,363,399,370,264
401,266,348,293,292,458,355,347,290,380,302,486,271,258,276,375,354,269,342,370,296,396,378,351,364,270,267,462,369,373,372,363,264,251,356,247,244,254,265,310,416,459,387,245,248,345,377,360,376,241
26,348,244,347,276,372,401,293,258,399,315,486,266,245,342,355,262,302,263,270,365,363,458,380,292,462,364,360,375,269,264,250,254,396,247,352,378,257,241,296,359,271,314,370,253,393,373,376,388,387
361,303,343,366,308,371,296,379,311,395,355,370,257,401,292,342,369,258,378,310,290,347,266,380,374,345,270,373,458,293,271,376,315,396,297,269,400,348,399,462,265,263,393,375,364,486,105,372,351,248
300,294,274,278,255,242,238,234,385,397,402,403,404,226,405,275,243,338,409,213,411,301,256,235,413,212,414,417,239,418,215,412,60,398,27,61,21,419,20,4,279,421,46,427,11,415,26,439,432,28
320,321,322,378,370,342,302,289,263,345,365,343,311,372,344,396,285,241,267,266,347,373,258,317,382,246,348,296,374,380,379,393,262,290,244,259,269,247,354,291,303,462,257,401,310,298,369,399,304,284
321,322,319,326,289,344,263,11,158,284,285,304,82,1,15,345,133,19,396,298,21,4,342,262,244,273,59,39,76,374,259,190,54,45,81,282,372,37,464,365,340,281,302,370,84,64,210,40,222,216
320,322,319,326,289,15,263,344,190,21,11,284,298,194,304,345,285,39,1,4,273,396,192,374,27,210,281,183,82,158,20,302,28,209,19,420,342,198,133,205,470,216,208,372,169,197,282,199,5,340
321,320,319,326,147,289,118,284,263,100,344,304,124,170,97,273,111,420,281,298,374,345,282,9,190,285,347,257,312,286,443,267,253,210,342,365,372,334,302,191,194,272,287,293,280,195,192,290,204,339
412,326,116,112,424,423,427,226,184,47,189,419,234,188,238,274,255,242,385,438,278,294,437,435,456,300,243,105,421,451,16,318,431,99,436,454,70,338,221,394,397,430,442,334,165,446,128,182,129,358
88,219,326,424,201,452,87,456,16,419,99,238,12,234,404,226,454,338,274,442,213,447,255,275,421,453,242,444,398,318,294,446,300,278,110,73,70,445,33,451,385,67,411,243,403,409,301,334,414,441
384,224,374,326,367,116,96,432,13,235,95,15,243,165,158,160,111,147,202,70,292,257,92,143,118,148,97,395,307,436,124,334,245,437,438,172,248,338,152,459,100,123,336,105,435,339,2,355,398,401
322,144,334,338,336,323,321,320,339,438,324,51,437,325,385,397,409,99,456,435,412,404,403,436,402,414,405,413,424,417,411,418,319,279,454,295,452,444,445,453,333,455,90,451,423,185,176,432,275,286
135,309,26,490,491,407,489,482,483,313,307,258,220,247,356,241,107,481,427,306,310,382,302,254,6,246,264,378,316,260,396,127,166,401,153,303,23,334,399,239,390,261,373,236,336,338,312,392,262,98
50,227,371,212,366,361,476,343,477,308,311,215,303,317,51,62,473,44,379,55,73,164,489,113,428,381,20,275,8,27,207,346,67,316,220,296,400,299,395,439,254,355,69,352,334,46,202,21,243,200
228,152,369,36,375,267,47,291,245,481,265,370,368,376,378,373,380,347,248,204,356,458,393,374,269,158,220,271,401,270,387,250,359,102,357,310,471,462,290,266,315,253,334,486,312,292,396,354,316,276
125,230,110,391,434,112,52,433,42,46,41,39,98,60,398,392,336,219,210,406,437,419,338,334,426,97,318,425,278,34,21,421,436,402,312,418,33,435,300,43,410,438,310,373,255,274,111,238,409,242
65,433,101,392,219,447,251,334,49,41,248,336,415,162,338,370,454,307,112,150,438,254,436,406,398,456,96,133,437,151,108,99,442,451,226,453,56,446,435,445,418,444,452,50,95,274,234,67,238,100
362,221,46,432,433,291,181,42,110,464,43,297,345,133,61,251,112,158,351,244,368,200,262,41,334,425,285,234,265,123,365,241,336,360,237,396,159,338,239,259,393,394,437,347,447,419,350,426,276,242
233,433,56,270,58,27,28,257,46,20,65,21,267,61,30,83,66,39,31,334,53,339,26,322,9,44,15,336,68,321,85,62,84,326,32,49,29,24,36,77,69,319,35,63,40,118,320,6,345,37
336,326,338,438,365,302,392,437,375,339,271,246,292,347,355,357,400,258,401,350,380,253,356,376,394,378,241,358,416,345,150,43,272,267,264,262,312,342,254,388,307,393,276,374,263,303,296,391,352,289
439,481,362,377,270,257,27,46,21,351,56,243,20,28,306,399,410,275,336,61,68,58,30,39,65,247,31,53,15,36,252,26,66,32,49,24,35,85,395,77,63,40,62,70,29,408,338,84,37,357
334,338,339,326,365,302,312,347,264,392,380,377,292,351,401,271,456,258,246,400,75,272,375,253,254,276,270,355,241,388,356,373,263,267,345,416,454,309,452,387,352,393,257,444,289,260,245,262,363,453
439,178,97,301,173,277,92,165,105,248,360,456,273,269,454,101,451,338,304,368,143,446,265,237,148,144,213,452,453,414,442,95,425,426,417,99,262,430,339,67,50,147,217,418,445,238,436,295,135,226
397,385,402,404,403,405,318,409,300,294,336,74,414,411,339,278,274,413,255,242,83,417,418,334,238,326,234,275,456,243,235,444,451,256,95,454,445,412,453,226,452,301,446,295,100,14,99,112,111,398
5,346,338,344,336,428,3,334,326,13,1,411,215,404,414,456,405,99,402,409,453,413,403,385,165,397,454,119,444,451,452,417,445,96,333,143,322,148,418,98,8,129,128,92,318,213,446,105,233,48
240,216,222,42,93,301,43,320,41,96,321,108,319,275,110,165,128,129,100,143,148,213,367,440,101,92,426,425,105,285,8,242,98,343,318,419,255,386,215,212,274,415,430,410,278,112,393,51,294,95
27,20,46,28,21,69,56,222,58,4,26,65,31,8,30,61,68,36,24,83,77,48,66,50,82,47,74,85,441,53,80,63,60,67,134,39,55,49,84,40,64,136,239,6,62,398,76,35,37,165
26,372,315,290,373,266,401,355,292,347,396,380,296,364,258,348,344,271,354,302,293,360,378,370,376,270,359,269,265,356,363,351,391,399,458,262,246,276,135,345,379,462,251,316,245,267,254,297,387,375
366,311,308,371,361,303,317,296,379,395,355,370,471,458,401,462,27,266,369,20,347,486,476,292,363,348,396,315,4,74,400,258,459,257,393,372,285,310,378,265,354,380,270,271,345,399,276,388,381,302
27,20,346,342,46,21,69,372,360,380,28,487,267,363,374,266,347,399,462,369,262,315,376,312,401,289,292,258,296,351,293,290,269,370,253,458,252,368,391,248,297,271,265,365,348,378,355,244,302,354
292,348,290,396,297,355,271,380,257,269,270,347,266,315,378,258,372,247,293,276,458,251,302,368,265,401,370,267,354,74,253,244,342,262,363,296,375,376,83,364,351,263,360,245,399,357,462,314,365,359
20,27,344,28,46,21,69,361,339,56,379,366,311,371,343,308,303,395,342,428,317,31,8,58,26,30,61,215,4,296,487,65,360,391,355,372,48,374,369,24,368,292,381,476,388,376,134,171,375,36
401,245,27,315,363,380,462,400,20,266,292,458,276,293,302,348,393,471,378,486,296,342,355,270,267,354,370,364,399,257,285,262,290,244,376,372,396,269,345,368,459,258,271,312,365,387,253,316,373,375
315,372,276,266,316,302,271,345,292,364,365,347,458,269,396,363,258,355,380,401,486,375,296,244,290,264,293,247,393,342,360,354,370,392,270,248,257,352,378,416,399,462,368,376,351,285,387,253,388,265
353,58,56,352,9,27,20,65,428,28,46,21,351,69,66,354,53,44,462,195,118,26,147,61,372,83,31,134,4,378,373,30,34,399,308,68,8,33,289,377,362,79,350,363,355,24,458,315,49,181
357,358,394,27,355,20,184,170,251,376,359,378,348,270,315,266,291,372,347,293,352,364,253,265,458,271,276,292,342,246,28,380,462,486,401,351,368,345,46,393,375,252,247,302,262,354,258,416,296,363
354,266,380,315,355,458,462,269,377,352,370,296,267,251,271,293,401,292,373,244,276,258,372,302,253,265,364,374,399,369,270,486,378,348,342,347,376,290,365,375,257,246,393,459,363,396,416,345,262,264
353,351,348,360,372,349,276,354,376,355,401,364,370,399,316,315,359,265,244,380,462,378,262,350,258,267,365,396,271,486,392,302,374,375,270,458,266,269,362,342,292,347,264,393,245,296,357,251,373,363
349,27,352,20,46,69,21,351,28,354,462,378,377,372,458,363,266,380,401,292,315,355,399,428,373,271,265,345,348,347,370,245,258,244,56,269,293,396,364,248,253,296,342,290,270,486,376,308,368,247
27,459,292,20,351,266,368,315,378,355,458,462,267,271,380,270,347,258,296,302,370,374,269,401,293,265,363,486,372,290,377,245,376,348,416,342,276,396,399,257,375,277,393,345,373,251,312,369,487,46
293,401,266,315,292,357,247,296,378,258,458,290,265,372,271,302,395,354,356,359,342,351,251,257,270,345,347,380,244,348,375,363,370,399,486,269,276,248,393,303,267,310,262,374,462,459,373,263,350,392
483,482,313,309,258,490,491,241,58,307,264,56,310,306,355,315,247,401,254,486,489,292,481,250,265,276,458,342,303,392,290,378,372,266,293,271,462,302,262,9,27,260,348,246,251,375,376,351,253,396
58,56,350,358,9,355,394,270,359,378,293,266,184,376,345,399,258,292,170,251,360,271,257,401,247,315,253,265,368,267,297,380,351,290,396,363,342,458,310,372,375,246,302,354,28,269,370,248,347,416
394,184,357,170,350,20,27,69,355,28,378,293,270,359,246,251,388,271,46,292,345,56,21,266,247,147,380,376,375,389,257,363,310,393,258,248,58,401,458,387,296,354,342,315,351,265,368,416,348,302
355,380,271,270,375,293,265,315,376,401,266,388,292,357,347,391,342,396,269,27,378,370,267,368,20,372,363,312,354,399,387,348,360,248,296,258,395,302,458,350,345,251,364,290,352,316,373,244,277,257
26,370,401,276,296,396,315,348,302,399,266,342,271,269,135,265,297,352,380,372,244,292,355,376,364,365,267,262,347,378,345,359,258,374,369,248,316,363,354,357,270,458,351,290,245,293,257,368,393,416
366,308,371,303,379,343,317,311,296,395,370,355,292,65,369,401,266,458,342,346,315,364,462,246,380,360,363,378,400,258,396,486,348,388,459,347,373,416,269,257,372,265,290,375,316,476,399,302,351,270
20,27,28,21,351,265,399,244,262,251,46,276,352,365,369,376,257,355,401,69,380,241,259,247,292,393,347,372,267,378,364,396,290,348,345,360,370,266,270,342,395,258,221,350,253,254,245,363,375,377
266,293,347,388,399,292,401,380,276,258,27,315,372,348,257,20,265,355,459,290,245,354,271,364,246,253,302,458,471,396,365,462,250,270,393,269,296,267,387,312,378,342,391,376,262,486,21,416,285,244
276,266,372,348,376,315,401,292,245,267,347,458,296,342,380,262,363,387,269,355,486,264,375,351,378,399,265,302,258,27,396,360,462,314,244,459,270,246,354,370,290,345,271,248,293,395,416,312,20,388
26,302,271,348,244,276,292,266,347,253,293,401,370,290,247,258,257,363,380,241,315,262,399,355,296,372,269,263,393,360,458,351,416,267,375,378,400,396,316,265,354,250,376,251,345,342,270,387,377,248
371,311,308,343,361,317,303,135,379,296,395,476,370,355,220,381,292,369,346,458,400,354,462,266,486,212,401,378,315,270,271,328,257,348,380,310,299,258,459,376,372,290,368,269,399,396,347,375,267,388
500,474,217,27,473,20,69,471,28,46,21,384,56,363,58,65,276,26,266,8,4,348,416,499,292,374,343,277,31,347,354,61,391,50,245,30,350,401,483,459,440,285,176,365,67,372,325,342,490,253
354,459,347,20,27,265,380,292,458,315,345,277,348,355,378,462,359,387,376,401,370,269,372,486,266,396,245,293,296,399,377,351,363,297,248,393,270,258,360,369,375,271,262,487,267,290,276,416,357,244
27,315,296,292,401,20,380,266,271,245,370,378,376,355,262,459,351,458,276,347,399,373,310,354,379,251,265,395,269,396,270,248,290,293,348,267,244,246,342,360,462,302,363,364,258,257,393,486,387,46
26,380,296,302,378,269,315,401,266,271,270,360,347,355,372,265,354,351,267,293,458,290,292,373,396,248,365,399,375,258,369,348,379,374,376,244,251,276,342,257,462,245,345,359,387,395,247,363,377,364
366,308,343,361,311,303,317,135,379,27,20,296,395,355,476,46,28,21,381,69,369,220,370,292,328,346,458,400,258,212,401,310,486,315,462,380,368,354,378,459,299,364,357,302,56,257,376,267,347,277
348,342,258,355,364,401,315,363,302,370,266,290,399,347,462,354,20,276,269,458,265,376,345,27,378,396,316,264,293,380,351,393,375,244,374,486,292,365,352,360,247,296,259,257,356,262,270,253,251,359
342,266,290,315,370,401,351,355,347,396,269,267,302,458,270,245,399,354,258,271,251,369,27,378,296,293,380,462,393,292,297,375,387,459,486,20,244,265,372,264,246,364,359,348,254,356,363,263,374,309
401,354,378,27,355,20,375,370,265,380,351,269,292,372,277,272,271,258,248,376,267,302,273,266,245,293,296,342,360,257,315,393,348,347,276,270,246,244,458,304,363,365,373,396,388,251,247,364,369,359
315,378,27,269,393,20,355,348,292,21,270,293,271,380,359,401,370,265,266,396,374,347,267,364,248,372,263,354,376,351,458,244,276,258,387,290,245,345,296,365,399,251,342,373,388,379,363,253,486,316
276,312,401,265,292,364,267,395,378,399,258,347,266,396,262,296,354,458,315,416,245,372,269,290,271,270,370,369,462,302,359,257,355,380,486,342,348,246,363,375,351,360,293,374,264,253,387,248,20,345
27,380,20,351,401,266,265,354,315,302,292,458,296,416,270,396,370,355,378,257,271,376,342,348,462,267,246,368,258,372,269,400,363,399,347,247,365,276,486,293,46,345,272,471,387,395,359,374,373,290
292,380,401,293,355,266,370,270,247,271,375,26,396,269,302,315,354,265,347,248,246,272,376,258,296,399,374,393,257,290,458,263,345,267,369,372,262,241,276,416,245,348,244,251,364,342,462,351,395,363
361,296,303,308,311,317,366,343,27,371,20,395,292,266,370,355,315,269,380,270,28,396,271,369,342,401,263,378,375,257,46,293,351,265,393,458,348,302,354,267,258,276,399,310,290,363,248,365,459,360
370,401,271,378,347,315,269,293,270,396,292,351,267,266,363,359,377,296,257,302,245,354,458,342,355,265,348,391,345,369,399,258,387,393,364,375,276,388,368,248,244,246,374,486,462,290,372,314,376,379
383,382,371,366,308,311,343,361,303,317,296,395,355,135,370,8,20,378,27,458,357,379,462,69,401,267,271,375,358,293,352,46,359,277,376,387,486,400,373,396,253,350,351,380,315,310,290,285,251,347
383,381,483,482,491,490,356,309,307,489,310,241,258,306,313,481,303,401,247,264,355,486,378,315,395,260,458,20,372,342,246,462,316,293,314,396,471,391,254,8,296,380,251,392,250,220,361,370,343,311
382,381,88,462,458,486,351,258,355,356,309,306,380,483,315,347,401,375,487,378,241,342,372,471,251,171,264,271,307,310,373,293,482,370,393,296,348,244,396,87,359,169,253,316,247,246,400,302,387,345
325,367,92,105,97,101,459,292,245,100,276,304,99,374,243,96,202,112,354,415,265,379,95,248,363,266,235,476,111,110,98,270,269,257,254,273,447,236,261,232,226,42,234,238,282,425,419,294,431,369
397,402,403,404,405,409,318,411,300,294,413,414,278,274,417,418,255,242,338,238,234,275,226,243,301,213,398,143,165,148,412,256,444,279,415,445,212,446,451,239,235,456,326,215,453,442,295,1,452,454
390,27,28,20,46,69,21,387,56,50,420,58,26,31,30,4,457,65,465,365,404,67,412,24,61,463,34,391,48,405,36,461,413,8,77,348,414,33,411,195,417,116,368,398,402,259,82,409,362,403
390,28,388,380,315,293,401,364,347,266,20,245,27,363,348,355,370,396,267,269,378,458,270,376,375,368,265,296,248,342,359,253,302,372,292,373,354,393,271,276,399,365,369,258,351,416,486,462,252,262
28,389,363,387,293,266,380,401,355,359,292,248,348,315,395,265,296,396,271,246,375,269,364,302,393,270,376,351,378,458,347,267,257,370,372,258,247,276,245,345,342,360,369,374,290,244,316,354,253,373
388,27,387,363,20,463,293,380,28,69,396,461,248,358,46,457,21,266,393,351,359,355,292,265,290,269,258,364,315,271,401,348,270,376,458,378,373,251,296,369,360,302,345,370,342,372,375,354,390,244
387,386,27,20,315,293,401,348,364,245,258,378,391,355,276,380,365,46,388,396,292,368,347,372,266,262,393,376,265,363,247,302,458,271,241,296,345,342,351,269,356,375,244,290,486,270,267,354,370,399
380,27,359,271,342,401,20,363,355,246,378,266,292,347,315,293,265,348,354,258,396,364,247,296,312,372,245,387,345,390,46,393,270,360,290,276,269,257,458,377,251,471,21,302,399,262,374,370,314,376
20,27,348,355,276,264,258,356,271,307,293,315,372,302,401,292,486,354,266,28,363,247,458,251,351,250,313,241,253,290,365,370,310,254,352,376,374,262,296,277,395,459,483,364,462,46,269,347,248,245
58,9,56,263,347,375,378,355,380,348,266,269,401,270,265,396,315,241,399,372,271,363,458,292,354,251,365,262,245,293,351,285,486,296,373,257,290,258,244,462,248,276,374,387,388,459,302,370,342,253
184,358,170,350,357,26,20,27,21,147,69,46,111,28,355,251,118,293,359,378,61,270,291,375,376,246,448,247,263,271,56,292,345,265,393,310,372,266,387,368,253,351,262,388,244,241,401,258,124,290
296,355,308,379,303,376,401,343,311,292,317,366,361,258,371,257,266,315,27,399,20,276,378,348,370,388,302,270,247,293,290,364,246,369,396,380,372,363,359,271,458,21,264,248,265,345,269,342,312,354
401,380,378,269,315,399,297,292,290,266,276,345,302,270,342,348,360,265,376,347,258,370,296,375,271,363,407,393,372,251,416,373,293,458,354,262,312,359,379,247,245,364,387,377,257,355,263,351,365,267
402,385,403,404,405,409,411,413,414,417,318,418,300,294,278,338,274,255,242,238,234,275,301,444,412,445,226,243,446,451,456,213,453,442,398,279,452,256,441,454,105,143,415,148,165,212,295,326,235,435
21,20,27,46,28,69,61,385,404,56,409,402,417,403,405,411,414,31,26,50,4,58,65,30,413,418,397,51,24,300,8,318,48,294,415,34,36,278,33,238,77,234,277,274,386,47,67,255,68,275
363,257,266,396,276,401,376,302,270,262,347,378,355,258,372,380,290,20,312,292,370,267,360,293,296,263,393,253,351,348,316,364,354,269,315,265,365,247,395,373,416,369,458,342,27,245,244,271,375,297
347,20,27,401,462,292,355,486,458,296,315,471,378,293,365,257,245,302,363,169,276,244,459,258,241,380,377,262,370,376,263,290,354,46,393,28,399,312,270,360,368,348,21,271,477,266,396,316,265,269
347,315,276,380,355,378,266,245,258,292,262,296,241,302,396,376,271,363,246,458,267,370,257,265,247,342,400,293,372,244,269,399,364,270,486,462,360,374,348,369,290,356,395,377,251,264,354,248,314,471
397,403,405,385,404,409,411,413,414,417,418,318,300,294,338,278,274,255,242,238,234,444,445,275,301,446,456,451,398,412,453,442,452,454,441,226,415,213,279,243,256,92,435,143,105,99,148,436,165,97
402,405,397,404,409,411,385,413,414,417,418,318,300,294,338,278,274,255,444,242,445,446,451,456,238,453,452,454,234,442,275,301,441,398,412,415,243,99,226,92,213,279,256,95,105,143,410,148,435,339
405,409,403,402,397,411,385,413,414,417,418,318,300,338,294,278,274,444,255,445,242,451,446,456,453,238,412,442,452,454,441,234,398,301,275,213,99,415,435,243,226,436,386,437,143,95,97,410,105,165
409,411,402,403,404,413,414,397,417,385,418,318,338,300,444,445,294,446,451,456,453,278,452,454,274,442,441,255,242,398,238,301,412,275,234,99,415,435,436,437,36,438,213,243,410,386,279,339,97,143
408,252,20,134,460,27,466,472,469,475,21,46,465,28,67,69,461,417,132,457,418,350,136,56,253,463,413,33,414,411,130,444,8,409,438,436,34,441,435,26,58,4,437,442,421,308,230,419,403,31
396,144,302,378,401,380,297,315,293,262,379,399,372,354,363,269,408,387,342,360,292,400,416,347,265,263,20,369,355,27,276,310,247,266,252,296,304,290,277,270,348,458,370,375,271,364,486,393,289,388
252,253,406,134,387,460,350,342,347,407,315,486,458,380,399,363,462,344,292,396,401,472,270,475,269,266,466,461,271,302,364,378,293,354,348,372,265,355,290,457,465,370,351,296,132,130,312,375,459,276
411,405,413,414,404,403,402,417,418,397,385,444,445,338,318,446,456,451,453,300,452,454,442,441,294,278,274,412,398,255,435,242,436,99,437,415,438,275,238,301,234,73,33,213,95,279,92,326,30,148
479,468,103,417,136,413,134,480,414,411,405,465,444,418,404,475,466,403,402,445,469,132,397,452,446,451,42,456,442,453,231,173,463,335,232,127,385,454,409,441,329,305,228,440,457,375,386,472,406,229
409,414,413,405,417,418,404,403,402,397,385,444,445,446,456,451,453,452,454,442,441,338,318,300,294,99,398,278,435,436,415,437,274,301,438,412,95,255,242,410,339,50,275,447,406,238,213,430,386,92
404,323,413,417,409,397,402,414,405,418,385,403,444,411,435,423,300,318,441,442,278,436,421,451,446,445,438,242,274,294,437,255,238,338,481,386,234,453,452,243,213,456,326,217,454,226,230,92,96,432
411,417,414,409,418,405,404,403,402,397,385,444,445,456,446,451,453,452,454,442,441,338,318,435,412,436,437,438,300,294,398,99,415,278,410,301,447,274,95,430,431,406,386,255,275,339,242,96,326,421
411,417,413,418,409,405,404,403,402,397,385,444,445,446,456,451,452,453,454,442,441,338,318,435,436,412,398,300,437,438,99,294,447,278,301,410,95,430,274,406,431,42,339,386,415,275,4,326,255,295
27,20,21,46,28,69,56,478,484,8,2,58,26,65,488,4,409,418,411,417,494,61,405,31,492,498,403,413,402,30,385,404,445,397,33,50,444,48,451,436,441,446,34,398,24,437,438,99,77,96
458,315,401,266,376,471,354,462,292,396,302,378,348,380,276,296,486,399,377,347,363,365,271,265,257,258,270,251,351,290,269,459,293,370,364,267,372,253,342,277,355,248,247,262,244,375,345,387,369,360
418,414,413,411,409,405,404,403,402,397,444,445,446,385,451,456,452,453,454,442,441,435,436,338,412,437,438,398,318,99,415,447,430,300,431,410,406,294,95,421,301,42,278,386,426,425,96,274,339,326
417,413,414,411,409,405,404,403,402,397,444,445,446,456,451,385,452,453,454,442,441,436,435,437,438,338,412,99,318,415,398,430,431,300,73,447,406,421,294,410,426,425,95,278,301,96,386,213,274,148
421,234,255,238,242,278,274,243,28,294,300,128,98,112,226,129,110,318,323,143,442,219,124,441,105,439,148,425,213,427,426,406,472,165,466,460,469,92,217,65,147,111,212,433,173,412,125,136,468,475
282,283,279,386,389,390,463,387,457,421,461,425,426,388,322,380,430,431,73,454,321,377,453,435,444,442,438,441,456,391,284,359,370,47,437,446,452,445,293,398,320,465,436,312,116,269,248,451,376,317
419,425,426,442,441,234,420,444,238,412,446,242,418,255,430,417,431,451,274,436,300,447,445,278,435,294,318,448,454,437,406,438,413,323,414,439,453,112,461,457,452,463,404,427,465,449,450,409,226,433
281,291,426,425,73,69,236,158,430,243,431,20,246,441,8,437,436,342,435,319,47,34,364,108,438,385,27,387,453,442,21,445,452,280,75,404,307,372,397,318,446,413,451,321,402,454,322,13,256,411
295,412,323,345,222,292,298,426,425,176,272,67,450,359,202,189,290,47,378,299,271,342,312,431,396,188,430,243,60,39,376,235,317,210,364,296,123,416,326,226,379,319,69,255,436,270,200,435,234,278
249,250,426,425,323,69,324,8,20,430,431,271,447,46,27,28,326,47,172,160,283,3,168,67,275,50,438,365,435,456,445,36,442,453,196,436,31,451,293,437,294,30,173,185,338,5,65,182,264,375
426,430,431,421,441,442,370,424,396,69,380,250,387,449,420,458,471,447,277,377,390,347,266,477,20,368,271,483,486,457,461,450,8,463,418,481,462,391,351,423,400,292,359,296,482,46,269,373,169,465
425,430,431,421,441,442,424,9,370,396,447,387,58,380,250,471,449,420,458,277,347,461,390,377,457,418,463,266,444,445,423,483,450,436,271,373,446,465,422,486,367,400,169,296,315,292,481,342,462,391
144,261,147,111,327,170,184,124,323,100,309,394,431,430,489,491,490,97,482,226,13,246,358,238,224,234,67,483,407,242,300,294,318,437,438,241,419,306,221,278,108,481,435,83,436,101,259,264,274,313
349,352,227,353,78,346,339,74,344,83,39,431,360,98,328,430,489,99,202,93,95,67,61,348,56,27,20,435,436,41,361,316,135,438,96,215,171,392,450,308,437,181,169,46,372,195,441,452,442,187
288,166,289,311,354,220,65,69,377,20,292,430,27,56,46,431,28,351,58,31,30,42,67,296,9,319,400,3,266,344,436,393,5,356,407,416,24,263,459,435,378,355,438,302,8,437,248,75,415,90
431,426,436,425,435,441,442,438,437,445,451,444,446,418,417,453,454,452,427,450,448,421,291,447,413,414,456,424,368,348,65,69,411,420,429,461,457,463,449,250,409,465,428,367,171,472,20,56,342,466
430,436,435,441,426,437,425,442,438,445,451,444,446,418,453,417,454,452,427,51,48,421,413,450,50,448,414,456,424,428,420,461,457,463,429,409,465,449,411,367,171,472,459,187,469,323,466,169,460,291
362,332,235,47,99,41,365,215,435,437,438,46,221,436,101,213,274,242,42,219,105,442,318,412,294,300,278,325,234,70,255,238,444,447,397,441,92,452,402,446,453,413,329,338,445,65,112,96,212,451
233,333,125,331,110,219,332,112,330,181,238,234,1,426,425,419,436,255,41,242,437,435,294,35,421,297,274,278,438,301,398,447,300,454,318,442,33,441,162,415,445,404,314,345,453,338,444,402,235,133
391,330,314,359,380,98,437,435,350,275,352,438,271,436,235,425,65,426,278,256,348,342,205,377,421,419,289,304,344,316,300,28,372,56,48,42,418,449,274,406,410,95,402,385,442,364,396,397,368,238
436,437,438,442,441,444,445,446,453,451,452,430,431,418,454,417,413,456,414,409,411,405,412,448,404,450,447,402,449,432,334,397,421,415,403,426,326,425,406,323,427,99,420,461,463,457,434,385,424,465
435,437,438,442,441,444,445,446,453,452,451,430,431,454,418,417,413,456,414,409,411,405,448,412,450,404,447,415,334,402,426,449,421,425,432,406,326,397,403,99,427,323,461,472,96,457,463,465,433,469
438,435,436,442,441,444,445,446,453,452,451,454,418,431,430,413,417,456,414,409,334,411,448,405,450,447,412,326,404,415,99,449,432,402,421,427,406,323,397,96,426,403,425,461,434,457,463,336,465,65
437,435,436,442,441,444,445,446,453,452,451,454,430,431,418,456,413,417,334,414,409,411,447,448,326,450,412,405,415,404,449,432,99,406,323,336,402,427,96,421,461,463,457,403,465,426,420,472,397,466
31,30,337,35,335,1,32,46,477,105,165,213,128,92,129,8,148,27,36,34,143,419,255,100,318,226,20,274,110,5,294,421,238,278,234,97,242,300,17,33,442,473,446,451,124,453,158,454,94,403
136,173,141,130,132,67,367,292,400,447,276,304,348,135,347,195,78,462,364,458,360,42,486,374,69,391,366,345,459,134,372,471,312,393,171,190,410,449,487,426,419,285,240,316,375,425,430,248,315,169
442,446,445,444,451,453,452,454,436,435,438,437,418,417,456,413,414,411,409,430,431,447,405,421,404,403,426,425,450,448,402,449,412,397,415,385,99,419,341,406,98,420,461,457,463,432,439,410,465,472
441,444,446,445,451,453,452,454,456,436,435,438,437,418,417,413,414,411,409,430,21,447,405,431,404,421,403,402,448,450,426,449,425,397,412,385,99,419,415,406,410,432,338,98,427,439,420,323,424,336
239,94,399,95,312,267,301,322,277,96,398,320,253,376,304,243,452,454,302,321,451,362,276,395,445,444,446,447,319,363,453,42,61,401,262,258,357,396,347,456,360,364,266,251,326,290,403,414,131,405
446,451,445,452,453,454,456,442,441,418,417,413,414,411,447,409,405,438,436,435,437,404,403,402,397,448,450,449,430,385,431,412,99,421,338,95,415,410,336,426,406,425,96,339,334,420,432,465,472,466
451,446,453,444,452,454,456,442,441,418,417,413,414,411,447,409,438,405,436,435,437,404,403,402,450,449,448,397,430,431,385,415,412,99,338,95,426,336,425,421,410,339,334,424,420,96,323,326,443,42
451,444,445,452,454,453,456,442,441,418,417,413,414,411,447,409,436,438,405,435,437,404,403,402,448,450,449,397,430,431,421,412,385,99,415,46,95,426,21,425,27,338,410,336,406,20,96,439,472,469
451,454,444,452,445,453,446,449,448,450,20,27,442,441,46,456,21,28,417,9,251,250,438,418,276,414,253,248,436,262,426,437,413,345,31,435,425,50,315,292,390,430,387,259,290,465,30,348,411,360
449,450,447,357,350,20,27,355,56,293,270,58,375,271,248,363,401,315,292,266,251,347,269,369,364,267,46,348,380,246,296,358,376,245,387,342,262,351,345,378,394,368,393,354,444,310,360,290,446,276
450,448,447,401,315,20,347,355,269,293,348,292,380,270,27,351,363,266,271,267,375,364,296,245,354,342,369,393,248,262,396,276,290,251,360,379,345,368,387,395,373,388,392,46,297,376,391,399,357,285
449,448,447,364,292,348,315,380,347,363,342,401,293,296,345,276,269,245,355,354,270,267,360,351,375,352,396,271,392,387,297,376,262,251,444,248,445,388,452,451,266,391,369,290,395,368,446,350,373,379
446,445,454,444,452,453,456,442,441,418,417,413,414,411,447,409,405,436,438,435,437,404,403,450,402,448,449,397,430,431,412,99,385,338,95,415,421,336,426,410,425,339,323,334,439,96,406,461,457,463
446,454,451,453,445,444,456,442,441,418,417,413,414,447,411,409,438,436,435,437,405,404,403,450,448,449,402,397,430,95,431,99,336,412,338,385,415,334,410,465,457,461,463,426,472,339,469,460,466,96
454,445,451,452,446,444,456,442,441,418,417,413,414,411,447,409,438,436,435,437,405,404,403,402,450,448,449,397,430,431,99,95,338,385,412,336,415,339,225,420,410,426,421,334,439,425,457,424,461,323
453,451,452,446,445,444,456,442,15,441,418,417,413,414,447,411,409,438,436,435,405,437,404,403,450,448,449,402,43,430,431,397,338,336,95,99,385,334,415,421,412,339,420,225,426,323,465,457,425,463
284,282,116,279,148,42,456,202,257,365,302,413,129,128,409,411,173,398,326,402,414,143,254,418,322,403,404,165,385,417,247,92,405,213,299,397,97,100,307,320,338,321,105,30,108,295,416,31,124,111
454,453,452,451,446,445,444,418,442,417,413,414,441,411,409,28,405,404,403,438,447,436,435,437,402,18,17,3,397,20,27,30,24,31,338,336,35,385,21,430,36,225,23,431,339,412,99,415,326,334
461,463,465,27,20,460,466,472,469,8,475,28,387,134,21,4,468,390,389,388,26,408,479,36,31,34,136,30,252,132,39,363,33,420,24,480,386,171,130,293,6,69,46,406,141,486,253,315,348,416
486,462,459,487,471,266,315,171,355,293,258,290,27,401,271,20,347,354,292,348,269,351,296,380,253,416,247,276,265,264,302,263,169,248,267,364,257,370,270,378,244,376,372,363,400,345,396,368,250,373
458,486,462,354,266,292,487,368,471,363,315,347,265,245,355,276,293,258,257,369,171,401,290,271,296,364,269,270,248,351,169,416,264,302,263,348,267,380,250,373,400,378,247,393,253,262,376,244,246,399
472,469,466,465,475,461,457,134,463,468,28,136,408,132,479,141,406,252,3,18,130,17,480,20,27,117,30,31,24,35,103,21,253,171,416,36,2,494,492,488,46,498,478,484,426,56,486,387,447,187
457,463,465,460,472,27,466,469,20,475,28,8,134,387,4,468,21,389,390,388,408,26,252,479,136,132,363,36,34,480,171,420,406,31,293,69,130,416,46,253,141,30,486,277,6,458,348,315,38,33
458,486,487,459,471,347,171,169,354,315,351,258,401,266,264,372,293,269,245,355,296,253,400,290,363,416,376,380,271,292,348,263,378,257,276,370,270,302,364,267,368,244,265,342,373,262,483,393,277,345
457,461,25,19,465,12,11,7,466,469,472,460,14,6,16,29,32,10,18,22,475,17,1,134,387,389,468,13,388,390,479,136,408,132,363,252,420,480,171,293,141,130,46,69,315,358,486,103,348,458
49,485,470,57,175,197,86,54,121,106,114,203,126,76,45,163,146,467,81,174,198,137,40,120,167,211,104,37,159,84,145,208,209,156,64,214,142,218,119,82,194,59,193,207,186,140,154,183,192,109
457,466,469,461,472,460,463,475,134,468,479,136,17,132,387,18,390,480,3,408,141,24,30,31,130,252,103,406,23,386,36,46,416,410,486,69,375,315,447,171,27,253,458,426,20,425,348,56,277,462
469,472,460,25,19,12,475,465,11,16,7,14,134,6,29,461,468,32,457,10,463,18,22,17,479,1,13,136,132,480,141,408,130,103,35,406,252,36,117,410,151,488,426,478,484,494,498,492,171,46
470,175,485,54,197,121,57,174,126,81,86,76,163,114,45,106,40,137,203,37,198,159,146,208,120,84,209,167,104,64,145,211,156,186,205,82,142,214,207,218,119,193,194,183,59,154,140,49,192,190
479,466,469,472,460,465,134,480,475,463,461,457,17,18,132,103,410,3,24,136,30,31,117,141,498,494,492,488,478,484,23,173,130,187,27,127,35,20,210,496,151,2,36,179,206,202,21,426,29,171
466,472,460,25,19,475,12,465,11,7,16,14,6,29,134,461,18,10,22,457,468,463,17,1,479,13,136,480,132,141,130,35,408,103,406,252,36,117,494,492,498,488,484,478,416,46,426,151,171,410
485,121,175,197,57,76,45,54,467,40,37,86,81,198,203,114,126,106,174,163,146,84,137,64,120,159,209,208,167,145,104,211,156,82,142,186,193,119,214,194,183,59,218,140,190,207,205,154,192,49
458,462,486,347,266,459,401,500,363,169,416,474,400,276,348,487,355,315,258,293,171,483,257,271,378,253,296,269,380,245,247,290,263,270,365,399,264,354,265,302,343,377,372,306,292,277,370,477,351,393
469,460,466,475,465,461,134,457,468,463,479,136,480,132,408,141,130,252,35,484,478,406,494,488,492,498,30,31,416,103,9,117,36,16,171,46,187,486,253,458,69,426,56,447,277,387,425,149,375,430
500,474,217,367,471,477,499,56,184,147,170,176,58,357,394,350,16,358,328,343,111,277,416,124,207,20,493,253,483,180,118,467,490,182,491,243,439,38,363,481,98,355,462,371,398,391,497,21,205,313
500,473,367,217,471,24,17,363,499,28,416,18,176,23,389,343,266,483,388,391,348,401,277,365,462,477,20,276,490,27,347,458,491,253,2,247,271,378,258,355,285,372,377,387,293,350,467,481,374,264
469,466,472,134,460,6,465,479,12,19,14,7,461,457,11,463,16,480,136,468,132,10,22,1,141,18,17,13,408,130,103,35,30,31,252,406,416,478,484,488,494,492,498,36,33,27,486,375,458,23
107,153,25,142,214,207,84,85,174,197,198,54,205,203,57,175,485,470,81,76,45,40,121,37,167,208,168,467,64,82,209,183,200,61,159,106,114,86,163,126,146,194,120,190,186,137,193,59,104,156
458,462,486,169,400,471,459,253,2,171,277,258,487,355,368,356,313,347,354,351,245,374,393,380,387,416,473,401,315,27,483,293,270,271,306,28,296,302,266,369,363,399,372,378,263,244,276,392,257,348
484,488,494,492,498,480,416,479,179,496,415,472,468,475,17,187,2,458,24,469,149,27,134,30,31,486,460,466,376,459,69,23,461,465,377,293,285,471,296,399,46,393,20,487,266,387,277,315,171,457
480,468,134,475,466,469,103,472,465,24,132,23,30,410,31,136,478,484,494,488,492,498,460,463,141,457,130,461,2,35,127,151,33,29,36,375,179,416,32,210,22,496,173,315,27,149,486,202,187,46
479,494,103,488,492,484,478,498,24,468,475,23,30,31,134,469,466,472,130,465,132,35,127,179,29,33,460,151,463,496,36,457,32,136,461,416,22,410,141,8,375,187,149,315,89,90,178,88,27,202
491,490,483,482,489,356,309,307,306,313,50,241,258,264,310,401,254,247,265,382,471,260,486,377,312,303,355,8,248,378,375,370,270,269,458,252,392,266,315,372,380,267,395,292,342,462,373,359,374,276
483,490,491,489,309,356,313,307,241,306,481,258,264,310,486,254,247,260,252,401,303,458,382,315,462,292,355,250,392,276,372,471,265,342,251,246,459,312,378,171,314,27,266,262,487,351,293,348,395,253
482,490,491,356,313,309,489,307,306,258,241,481,486,264,310,458,254,401,247,462,471,315,260,303,355,292,459,266,27,276,382,392,171,250,372,252,487,342,20,2,378,348,246,265,293,312,354,314,251,363
478,488,494,492,498,12,11,7,14,6,10,480,1,13,416,479,179,496,415,472,468,475,187,24,458,469,27,149,30,31,134,20,486,460,376,466,23,459,69,15,377,461,293,465,285,471,399,296,393,46
470,197,175,121,57,45,54,76,86,40,198,114,106,203,37,146,126,81,174,163,467,159,137,120,84,167,64,209,208,145,104,211,156,25,142,82,186,119,19,193,194,214,183,218,59,140,154,207,190,205
458,462,459,171,487,315,471,258,27,20,483,264,169,347,401,276,266,293,348,355,356,354,302,270,296,271,292,364,290,400,380,263,257,262,313,376,372,351,416,269,253,316,267,482,363,245,378,306,265,241
462,458,260,486,459,27,171,20,264,253,266,269,315,258,354,471,376,372,355,347,293,169,290,271,292,351,401,368,345,370,313,348,245,247,393,263,254,378,302,248,380,250,296,342,244,276,265,267,257,69
498,494,478,492,484,480,416,496,479,187,179,472,468,415,475,458,24,27,149,8,134,31,30,20,469,486,459,376,23,69,460,393,466,399,471,293,377,46,285,461,296,465,266,21,487,315,277,265,388,387
491,490,482,483,309,313,307,481,356,306,241,258,264,310,260,382,254,303,247,486,227,401,327,392,316,220,372,292,315,246,360,8,250,314,355,462,342,252,348,312,352,458,471,378,276,487,244,390,395,265
491,483,482,489,313,309,356,307,481,306,241,258,264,310,254,486,247,260,382,401,303,392,315,458,471,355,276,462,292,250,252,314,372,171,246,459,27,220,348,266,312,327,378,342,395,316,293,265,20,487
490,482,483,489,309,313,307,356,481,306,241,258,310,264,254,486,260,382,247,401,303,2,220,315,471,392,458,462,355,292,312,314,252,250,276,246,372,378,327,342,171,27,459,266,265,395,316,20,348,354
494,498,488,484,478,480,7,6,496,416,1,479,179,187,24,472,468,475,31,30,415,23,458,27,20,134,486,149,469,22,459,393,69,376,399,460,466,132,471,46,377,21,293,266,285,296,130,35,487,465
497,109,208,57,174,467,84,121,470,175,40,485,159,106,44,54,25,197,45,81,126,86,37,114,209,163,142,214,186,198,137,104,205,156,218,115,120,167,64,76,82,207,145,211,203,180,19,183,194,190
492,498,488,484,478,480,496,416,479,187,179,472,468,1,24,475,415,31,30,458,23,27,134,20,149,486,469,459,376,393,69,399,460,466,22,471,46,377,293,21,266,285,296,461,465,487,171,315,132,265
499,52,199,196,185,206,80,63,79,77,139,177,72,195,168,6,76,38,66,203,85,68,71,191,204,91,53,182,485,40,164,64,470,82,62,84,197,57,121,37,7,45,54,175,172,157,198,115,467,81
187,498,492,494,1,24,488,23,31,30,484,478,132,22,130,35,480,29,393,20,32,134,58,27,399,468,458,36,486,479,34,141,388,21,355,46,171,459,266,75,265,69,369,149,471,251,395,487,348,359
493,208,467,470,121,175,485,197,57,54,174,81,45,159,126,40,86,198,209,37,163,146,114,106,137,84,186,205,145,120,25,64,167,104,76,214,82,183,203,142,211,19,156,194,207,140,190,193,218,119
494,488,492,478,484,480,496,416,479,187,179,472,468,24,475,415,1,31,30,458,27,23,20,134,149,486,469,459,393,376,69,399,460,471,466,46,293,377,21,266,285,296,487,22,461,465,315,265,171,277