67,367,19,204,3,470,476,11,184,207,203,170,5,2,180,174,464,175,171,6,12,182,497,169,210,467,197,37,205,206,9,18,168,4,179,60,14,10,38,462,17,141,81,40,187,485,172,78,493,487
3,171,169,5,4,9,187,170,184,490,141,487,483,482,8,486,462,491,458,69,10,204,471,489,497,477,474,139,459,203,470,495,476,481,197,27,485,191,46,473,28,20,26,168,467,186,210,64,493,192
2,171,169,5,4,187,170,9,184,10,8,500,141,69,204,203,139,499,470,18,197,462,1,367,17,191,487,192,193,490,210,458,48,202,208,46,168,36,196,34,486,482,491,37,483,183,28,207,27,177
5,171,169,2,3,187,9,184,170,203,487,10,141,204,462,8,490,486,139,458,491,482,483,471,474,477,197,470,69,18,193,459,495,476,489,191,168,63,186,207,192,174,202,210,64,201,485,467,17,473
169,171,4,2,3,187,170,9,184,10,8,487,141,497,204,203,500,139,490,462,18,192,69,499,458,486,491,474,471,482,483,17,477,19,197,191,470,476,459,186,202,168,489,210,201,193,1,367,174,495
38,25,81,66,76,84,59,53,61,152,44,52,49,54,26,50,40,31,27,30,102,51,37,63,80,64,74,28,57,82,45,79,20,21,72,85,71,62,55,78,19,23,24,65,497,77,46,60,58,68
203,10,8,204,208,186,193,175,207,177,201,191,38,205,183,174,209,15,11,219,12,197,19,187,168,54,200,470,4,192,497,169,190,476,71,171,189,464,81,139,14,72,185,485,107,73,79,6,25,85
187,169,171,5,2,4,7,3,9,184,170,482,483,462,10,458,490,487,486,489,477,471,481,141,491,173,473,459,474,139,204,69,191,177,186,201,328,203,476,464,485,202,193,470,121,497,326,495,499,183
170,184,171,169,2,5,4,187,3,210,487,8,141,10,486,462,490,58,473,458,204,189,483,69,482,477,174,491,471,139,470,203,202,459,500,474,18,497,65,66,489,467,83,499,28,495,44,182,197,476
203,171,175,169,197,4,174,204,5,186,201,187,193,177,192,139,191,168,7,2,500,3,208,170,184,205,207,476,183,141,13,470,178,17,189,210,467,485,9,18,487,8,490,196,495,14,209,458,198,182
12,175,81,207,174,201,197,57,54,38,19,39,79,203,59,72,205,208,168,61,470,204,497,200,75,64,467,476,25,193,191,198,485,63,74,18,192,464,186,17,68,209,10,495,491,178,216,196,29,84
174,207,175,79,81,57,54,11,38,19,201,72,61,197,203,70,205,39,178,44,75,25,464,64,29,476,59,63,204,49,467,16,55,470,208,45,53,37,40,14,210,485,71,62,198,84,76,497,168,10
10,175,497,174,493,186,18,201,189,178,11,5,193,203,139,140,184,204,495,208,192,499,17,216,195,197,19,170,476,12,491,182,209,467,168,207,500,159,7,122,205,489,490,4,146,81,239,210,1,142
16,35,29,37,40,32,63,64,25,22,168,205,197,186,207,45,175,176,174,55,12,208,62,203,44,10,68,198,204,191,81,76,66,177,193,49,82,38,83,74,72,139,122,200,54,192,159,201,85,189
219,227,138,142,218,322,140,7,119,126,137,156,148,146,86,163,164,144,211,147,155,143,320,154,321,150,125,214,497,124,167,128,157,129,323,107,162,41,215,73,105,161,153,127,212,319,213,117,151,145
14,29,22,40,35,25,37,63,62,32,44,45,64,186,12,66,175,208,53,49,76,55,83,57,176,197,204,203,85,205,168,75,198,193,84,77,207,54,189,79,174,206,188,177,81,68,196,476,72,82
18,175,174,19,10,201,197,81,203,192,78,207,168,178,11,204,186,29,32,493,208,171,4,193,5,210,3,191,183,54,74,68,57,72,63,169,35,497,59,37,12,198,209,141,64,195,202,205,34,39
17,175,203,19,4,10,5,201,195,11,197,174,3,81,193,204,192,171,191,184,207,29,9,78,202,63,168,208,45,13,84,74,169,64,32,71,186,170,34,141,210,39,25,59,75,209,54,57,55,140
81,38,72,54,61,39,57,25,79,207,12,64,59,37,78,175,63,11,74,84,174,203,76,20,27,40,66,26,53,45,6,17,18,71,80,46,28,197,55,52,75,49,44,204,24,1,178,208,205,21
27,28,21,26,46,58,24,23,31,30,56,48,347,65,36,69,349,354,393,387,342,348,298,375,390,271,366,363,359,285,292,358,408,47,401,250,245,343,305,258,388,304,289,355,303,399,241,280,370,407
20,27,28,26,46,24,58,23,31,30,56,48,387,348,347,245,65,258,393,390,349,61,342,375,366,352,36,354,298,292,47,358,416,396,66,289,343,364,271,395,399,384,252,370,363,251,350,356,270,388
29,40,37,25,45,63,16,74,35,64,44,55,76,82,62,84,83,32,49,80,77,53,66,197,24,85,81,23,57,31,36,198,68,14,168,30,59,54,60,71,79,204,61,192,38,72,75,27,28,344
24,31,30,26,27,20,28,21,58,36,46,56,48,375,65,29,61,349,303,393,388,347,84,370,47,69,348,25,342,315,387,390,40,80,289,22,358,354,271,60,366,305,292,77,356,258,298,296,343,346
23,31,30,27,20,28,26,21,58,46,36,48,56,375,65,47,29,393,349,347,348,40,80,387,370,61,315,66,388,84,390,303,289,342,350,76,77,358,352,356,258,354,271,69,408,416,22,292,298,366
40,54,37,81,63,57,84,72,76,79,29,64,45,61,44,38,53,66,55,22,85,59,49,80,74,62,26,82,6,27,71,68,28,83,77,19,39,269,21,197,16,20,58,32,283,387,296,288,198,31
27,28,20,21,23,58,46,24,31,30,56,48,349,347,65,69,387,348,289,390,354,375,343,342,366,393,258,303,358,25,61,346,296,416,271,370,292,352,384,288,350,298,401,245,308,399,355,388,36,408
28,26,20,21,58,46,24,31,30,23,48,56,65,347,349,348,354,69,387,390,289,375,342,393,36,271,258,358,416,298,363,288,359,399,350,292,408,61,303,245,352,283,384,343,401,366,296,370,241,346
27,26,20,21,58,46,24,31,30,23,56,48,65,349,347,387,69,390,375,393,354,348,358,342,289,258,36,298,271,388,245,350,359,363,416,352,343,292,288,384,283,408,241,401,296,303,370,346,355,366
22,40,37,25,32,63,45,16,57,55,84,44,83,35,53,74,62,66,79,76,64,82,85,80,49,81,59,54,72,24,77,23,14,31,197,58,68,487,61,483,30,491,71,38,175,36,39,490,474,477
31,24,23,27,28,20,26,36,21,46,58,65,48,56,50,69,349,375,47,388,6,393,342,76,33,84,29,66,347,80,387,391,303,40,74,305,25,390,82,348,61,363,346,315,354,345,258,77,51,399
30,24,23,27,28,26,20,36,21,46,58,48,65,56,50,349,375,69,76,29,84,393,388,342,47,347,25,40,6,387,66,61,390,348,80,74,303,391,354,315,22,352,363,346,77,37,305,401,399,53
29,35,37,40,22,33,34,25,16,63,14,45,74,53,83,76,84,64,54,44,66,62,82,30,49,31,55,72,17,207,198,71,80,487,81,85,197,77,57,38,24,61,23,486,68,471,79,12,174,36
34,32,30,31,46,24,23,27,28,20,21,26,36,78,56,69,48,65,17,47,19,6,29,66,35,58,3,42,18,59,37,60,76,152,52,25,53,43,51,74,367,38,102,61,63,50,231,44,64,5
33,32,30,31,46,78,19,24,23,17,27,18,3,53,6,69,28,52,76,20,66,26,21,74,56,25,43,29,35,171,5,37,65,83,38,63,9,64,54,45,207,4,174,170,39,36,61,169,208,72
40,32,29,37,22,16,45,14,63,82,62,77,25,168,76,80,44,85,64,66,84,83,74,53,55,49,198,36,176,197,192,24,193,68,191,31,196,17,30,23,175,141,179,38,59,186,200,171,81,6
30,31,24,23,20,27,28,26,21,58,46,48,69,50,56,40,65,77,22,29,266,388,391,361,62,349,343,82,80,389,76,369,230,344,45,246,305,228,373,37,382,271,317,66,84,383,47,362,74,351
40,63,45,25,29,76,84,44,22,66,64,49,55,53,85,77,62,74,59,81,82,54,35,80,32,57,83,72,38,79,61,197,16,68,27,19,14,28,26,6,21,24,198,20,31,71,78,60,23,46
81,61,72,79,54,6,57,25,19,63,64,84,59,207,71,66,76,53,40,44,49,80,12,37,39,74,55,27,45,175,26,85,11,20,82,28,62,470,29,52,46,21,51,31,24,75,197,77,23,68
57,72,54,79,61,81,74,84,19,27,25,38,28,59,63,66,58,26,68,80,76,64,83,20,46,75,12,11,53,40,85,56,82,55,62,49,29,60,267,21,207,71,45,346,37,197,262,44,24,175
37,45,25,63,29,22,76,44,55,84,64,53,62,66,49,82,77,74,85,80,57,59,81,54,83,35,72,79,68,61,27,38,28,16,32,26,197,58,60,21,24,20,14,31,6,305,23,39,270,71
470,43,467,485,493,497,476,464,42,491,486,483,471,477,462,487,490,474,482,495,499,489,500,75,15,481,473,219,78,50,73,51,57,52,59,54,39,70,7,331,336,337,145,81,370,287,332,282,335,448
41,43,102,33,65,152,452,121,47,34,46,15,51,439,456,78,453,451,99,422,414,454,426,417,413,282,418,425,442,411,50,441,436,6,409,445,446,435,370,48,310,450,437,96,431,438,69,328,30,430
41,42,78,152,51,34,52,102,19,31,70,30,17,33,72,59,57,54,18,81,38,50,447,178,24,12,27,25,48,6,39,47,307,28,363,53,75,448,346,282,79,23,15,281,248,121,420,280,201,65
45,66,49,53,76,40,62,84,63,37,25,55,64,57,81,83,29,80,77,79,54,74,82,59,22,61,72,38,85,197,6,58,27,71,26,28,16,12,21,60,68,198,175,39,20,46,78,24,366,31
44,49,63,40,76,37,66,64,55,62,84,80,77,53,82,74,25,22,83,29,81,54,85,57,197,59,198,72,61,35,79,68,38,27,470,467,183,28,32,16,26,21,6,191,493,20,39,192,46,60
27,20,28,21,26,24,48,31,23,30,58,47,69,61,36,354,366,65,349,56,342,370,391,270,66,347,245,375,233,387,289,343,346,384,292,390,271,345,303,393,72,39,348,251,314,311,352,283,408,416
46,27,20,28,21,26,48,24,69,375,31,23,30,370,58,391,65,314,358,303,292,354,345,450,364,348,233,416,78,245,378,258,36,361,251,483,380,368,254,350,298,246,342,486,343,482,317,272,382,396
27,46,28,26,20,21,24,23,58,31,69,354,370,30,65,384,47,366,36,342,343,378,345,349,382,311,59,391,375,317,346,341,287,246,290,56,440,396,85,390,367,337,374,352,372,271,220,395,368,61
45,44,66,63,53,84,57,55,76,54,40,81,74,62,25,37,64,80,79,77,61,82,59,72,83,85,29,38,22,27,6,268,369,26,276,387,197,305,28,68,244,263,399,352,262,355,310,388,252,58
51,27,26,28,31,52,20,30,369,21,58,349,6,65,310,362,388,266,268,24,305,246,467,36,312,252,317,399,273,247,23,283,265,296,408,248,351,391,271,389,359,387,251,297,355,401,280,269,298,46
50,52,26,27,28,20,6,31,359,25,399,38,30,349,355,268,252,241,369,393,408,280,347,46,23,448,248,387,81,269,58,21,305,61,390,283,362,250,254,401,57,24,384,247,375,341,363,358,307,49
51,50,81,6,57,54,59,27,38,28,26,25,61,72,76,20,79,269,49,84,44,19,21,66,46,448,53,31,80,267,263,39,331,30,298,408,58,77,307,152,24,363,60,399,314,71,64,296,244,55
66,44,84,63,49,45,76,40,64,25,74,83,79,57,80,37,55,62,54,82,81,61,77,72,29,85,27,38,59,58,28,26,6,22,21,39,71,24,20,31,289,75,346,78,70,56,286,65,352,270
72,81,57,79,61,25,38,84,76,39,63,49,59,64,55,40,74,53,85,207,19,45,71,37,12,44,66,80,82,83,175,62,77,29,27,68,267,269,26,75,174,201,6,263,197,70,11,28,52,244
63,45,40,76,49,80,64,84,81,66,44,25,62,74,37,54,79,53,77,82,57,29,85,83,68,72,197,59,61,22,38,467,485,263,272,269,175,464,27,58,39,260,28,198,268,71,245,204,470,497
58,393,27,28,26,20,358,347,253,390,21,381,237,387,349,240,359,24,241,248,231,350,277,375,394,23,280,286,285,355,305,230,65,288,252,236,232,374,271,343,281,251,289,346,250,371,357,273,31,401
79,54,81,72,61,39,25,84,49,59,38,63,44,53,66,76,40,64,55,62,29,58,12,74,45,27,37,26,68,448,19,175,28,71,449,80,85,83,263,75,269,355,82,70,359,52,408,283,77,20
27,28,20,56,26,21,355,24,271,357,359,280,394,347,258,270,358,408,23,251,273,288,293,246,247,245,388,401,283,305,310,387,393,342,46,298,250,292,352,356,350,253,31,241,281,297,399,296,407,289
448,81,57,449,54,25,76,40,72,37,84,85,79,49,38,61,45,74,44,80,55,82,63,450,77,53,60,66,29,39,483,19,6,500,491,27,20,64,471,487,26,459,458,83,477,473,48,28,71,482
59,74,40,84,26,28,25,23,21,82,27,39,37,44,20,24,384,46,83,53,342,80,45,61,22,57,382,31,71,85,48,29,56,470,76,66,54,58,49,72,467,36,366,354,81,30,77,63,485,476
54,72,38,79,57,81,25,39,63,84,49,27,26,53,66,80,21,59,28,76,46,71,40,19,64,20,55,85,74,44,58,45,37,12,6,82,83,23,207,24,77,62,68,416,267,269,314,354,31,29
63,66,45,44,40,64,76,55,49,25,37,53,74,84,57,77,68,29,82,80,72,83,79,54,81,22,58,27,61,85,16,28,26,309,21,38,39,197,20,263,36,59,35,464,369,46,75,6,467,485
64,66,45,40,37,53,25,55,76,62,74,84,49,72,77,44,80,79,54,81,57,68,83,85,61,29,82,38,22,197,59,27,39,26,28,198,71,21,35,16,19,20,6,78,32,58,75,467,204,14
63,45,66,76,40,25,55,74,53,81,62,37,44,54,84,49,72,57,38,80,79,77,22,61,29,197,68,82,83,19,85,59,39,27,78,198,28,6,175,26,75,470,71,207,14,168,16,12,20,497
28,27,26,20,58,21,56,30,31,46,24,48,23,349,393,50,358,69,367,375,36,350,390,470,47,346,258,352,53,387,66,348,366,394,241,271,251,391,372,343,416,497,345,342,467,317,246,240,384,371
63,53,44,45,84,64,49,62,80,76,40,74,83,55,25,37,57,79,82,77,27,58,61,72,28,54,81,68,21,26,29,38,20,85,6,59,39,46,24,22,310,31,30,23,352,268,270,355,408,342
1,448,470,467,449,497,493,485,476,450,367,487,462,464,473,495,477,489,486,440,491,386,499,490,471,483,51,102,500,458,459,6,278,338,474,318,242,152,300,482,255,397,238,20,385,294,274,234,295,220
63,55,74,66,62,25,40,80,79,57,76,64,81,85,54,37,39,45,72,204,392,61,27,29,84,77,49,344,59,197,263,352,26,361,58,28,22,44,20,258,82,53,83,38,351,21,369,379,315,309
27,28,26,20,46,48,21,58,30,47,31,24,23,345,169,306,36,65,391,354,171,317,343,2,56,368,497,346,349,375,396,378,374,3,342,467,390,292,487,366,4,220,311,245,258,290,476,370,361,389
79,57,12,54,487,61,81,483,482,53,49,72,491,486,458,459,38,63,490,471,462,477,474,489,440,59,25,500,40,44,84,495,497,175,29,37,85,201,450,66,45,473,499,64,55,39,263,481,76,449
81,72,54,79,25,61,38,57,63,59,44,53,84,40,29,64,85,55,76,207,37,39,6,66,46,60,22,45,80,19,26,27,208,12,203,49,31,28,83,23,24,68,62,75,197,74,204,20,209,82
79,54,81,57,61,38,25,63,39,84,71,76,64,59,19,66,80,40,53,27,55,49,85,26,74,62,37,207,44,45,28,20,82,29,77,12,68,83,46,75,58,175,21,347,269,267,263,314,24,174
467,485,497,470,464,448,483,493,449,476,450,482,491,474,471,219,459,499,490,495,486,335,22,440,462,196,487,477,489,458,433,429,473,337,500,370,175,481,361,290,363,382,85,77,434,15,303,336,59,16
84,80,82,76,83,63,77,45,64,66,40,53,49,55,25,62,85,54,37,81,39,57,68,44,29,59,22,72,79,61,38,27,60,28,26,197,344,19,24,21,20,31,6,342,388,23,30,198,349,346
57,79,81,54,72,39,84,25,61,63,64,53,12,38,55,62,49,83,82,45,74,11,29,22,76,497,40,66,197,19,201,200,71,207,263,44,467,174,80,189,16,487,68,449,272,251,175,85,190,269
77,84,82,80,74,45,63,40,64,44,85,25,55,37,83,66,54,49,53,81,62,59,57,72,79,61,197,29,38,68,27,22,6,198,26,28,31,39,24,78,20,30,58,268,23,21,305,304,71,19
76,80,82,85,84,74,83,63,45,40,37,66,49,55,44,53,64,62,25,59,54,72,22,29,198,79,57,197,61,81,268,24,27,305,68,28,26,23,315,408,31,36,356,276,21,58,20,272,304,388
19,64,76,63,25,81,57,59,54,53,37,72,40,66,27,6,26,45,44,47,28,38,79,49,486,20,84,74,77,17,46,470,39,85,31,449,61,21,448,483,485,68,30,48,62,471,80,476,490,458
57,72,54,81,61,38,25,39,84,63,53,66,55,49,12,59,58,76,44,40,71,85,64,27,263,26,175,80,62,29,68,74,28,207,37,83,19,269,355,267,75,70,20,359,45,77,314,350,82,280
82,77,74,76,84,83,45,66,85,55,63,25,53,49,40,44,61,72,81,467,64,37,54,62,79,68,59,27,29,38,57,485,28,26,21,22,39,197,470,24,20,464,497,448,493,23,198,6,476,31
54,57,79,72,38,25,84,61,59,19,76,64,55,71,63,49,39,40,175,44,74,37,45,207,53,12,80,66,6,197,82,11,85,203,29,62,68,174,201,52,75,83,27,77,26,22,70,20,28,208
80,83,84,77,74,76,45,85,40,66,63,25,55,37,53,49,44,62,54,81,59,29,64,22,72,57,27,61,467,272,79,26,28,470,21,388,38,197,20,305,298,60,485,39,24,497,6,58,263,198
84,82,74,80,77,76,66,53,63,45,85,44,40,29,55,49,62,37,25,54,57,64,79,22,81,61,72,39,59,58,26,342,27,28,60,68,197,23,344,32,31,24,75,21,263,30,38,272,388,20
83,82,76,74,85,80,53,66,25,77,54,81,63,40,45,44,57,49,79,55,37,72,64,61,62,59,39,29,38,26,27,58,28,22,6,60,21,263,24,20,31,23,197,68,272,271,298,75,288,270
84,77,76,80,82,40,25,63,83,37,74,54,59,55,45,72,79,53,81,61,49,66,29,57,44,26,64,68,27,38,62,28,271,22,263,272,48,39,197,204,71,269,270,399,273,408,268,267,342,388
124,126,125,128,150,129,148,143,137,155,144,154,147,163,127,138,214,218,215,151,164,145,156,105,157,211,153,213,117,162,161,142,167,119,165,146,212,149,130,107,120,113,133,88,135,166,132,89,90,131
91,92,114,90,120,104,106,89,88,109,111,113,165,166,112,97,110,101,100,103,94,167,118,213,212,105,115,164,134,214,211,215,107,218,93,163,148,125,143,147,144,162,124,126,155,119,153,138,156,150
90,89,165,104,114,92,120,113,166,105,91,212,213,111,87,112,106,167,109,110,101,115,97,164,118,103,147,215,100,143,94,148,214,144,218,125,211,124,163,156,155,134,150,126,107,153,127,128,129,138
90,88,92,165,114,104,120,113,112,111,166,106,91,213,212,110,109,87,105,167,115,101,103,97,94,100,118,164,147,148,143,215,214,144,125,124,218,211,163,134,93,155,153,126,150,127,156,107,129,128
89,88,92,114,165,104,120,91,113,166,106,111,112,87,213,109,212,110,105,167,101,97,103,115,94,100,118,164,148,147,143,215,144,214,125,124,211,218,134,163,155,93,150,126,153,127,107,156,129,128
92,114,104,106,109,90,111,87,89,88,120,97,112,100,101,113,166,110,165,103,94,118,167,212,213,105,115,164,134,211,214,215,148,147,143,144,163,218,93,107,125,96,124,136,153,155,156,126,138,162
104,106,90,114,89,91,111,109,112,88,110,165,120,87,113,101,166,97,103,94,213,100,212,105,167,118,115,164,134,93,148,143,147,215,214,144,211,218,125,163,124,136,96,107,153,155,138,156,126,150
115,110,112,106,109,111,104,136,92,89,94,113,90,165,167,213,212,103,114,101,87,88,105,120,166,91,164,97,238,226,234,117,153,242,218,214,162,119,163,143,255,215,134,148,96,147,144,125,274,107
101,103,97,106,109,100,92,91,110,111,112,104,87,90,89,114,113,88,115,118,120,166,165,134,93,136,167,213,212,105,96,461,460,466,463,457,465,164,238,226,475,234,242,255,479,468,469,478,472,274
96,461,98,99,460,466,463,136,457,275,121,465,112,110,93,115,478,101,94,111,475,479,106,89,92,109,468,90,97,103,213,469,472,166,104,243,212,165,88,87,484,480,105,91,488,494,496,114,233,179
112,110,111,92,213,90,89,106,109,104,99,91,165,88,114,105,101,94,103,97,120,95,87,113,166,212,115,98,100,148,143,147,93,118,144,167,136,125,124,211,164,129,156,150,128,215,138,443,218,86
101,103,94,100,106,109,91,92,111,87,104,110,112,114,118,90,89,88,113,120,166,165,115,134,213,167,212,105,136,93,96,164,238,226,211,107,234,215,214,242,255,148,147,218,143,274,425,144,294,163
99,143,148,144,96,147,213,135,215,86,125,105,124,163,156,153,162,211,128,95,212,146,138,129,161,127,126,218,214,137,132,461,150,117,131,142,154,165,460,140,466,463,164,457,116,155,166,465,327,88
96,98,199,339,95,397,148,147,144,143,213,338,386,385,319,327,105,321,124,125,322,320,227,128,165,150,318,217,323,138,129,212,157,215,300,279,110,326,111,452,121,90,112,88,301,456,137,278,425,42
97,101,103,91,118,94,106,109,92,87,114,111,104,90,110,89,112,88,120,113,166,165,134,213,167,212,105,115,425,96,431,411,409,414,417,426,413,418,211,164,435,405,403,136,441,404,452,437,436,93
97,94,103,106,100,109,92,91,111,110,104,112,87,114,90,89,113,88,118,120,166,165,115,134,213,167,212,93,136,105,96,164,238,226,234,242,255,215,107,214,148,211,274,147,218,143,144,294,95,163
152,121,6,50,51,461,52,460,466,463,457,38,465,67,43,42,478,475,30,479,31,65,468,469,33,472,34,484,480,488,494,496,53,498,492,71,275,41,402,243,70,61,27,28,26,21,403,404,78,405
94,101,97,106,100,109,92,91,111,110,104,112,87,114,90,89,113,88,118,166,120,115,165,134,93,167,213,136,212,105,96,164,238,226,234,242,255,274,215,214,107,143,294,148,218,452,147,144,211,163
92,114,90,89,88,106,91,111,109,112,110,120,165,113,87,166,212,167,101,105,213,103,97,94,115,100,118,164,218,214,215,93,211,147,148,143,134,163,144,125,107,124,156,153,155,136,126,138,96,150
213,212,165,88,143,147,120,89,90,148,144,167,215,114,125,166,104,113,124,214,211,218,92,164,163,112,111,153,110,155,127,128,91,126,138,156,86,87,129,150,109,137,106,154,115,162,119,107,161,142
92,109,104,101,91,94,103,111,97,112,110,90,114,89,87,88,113,100,120,165,166,115,118,213,212,167,105,93,134,136,164,96,214,215,218,143,147,148,211,144,107,163,125,124,226,238,153,155,234,156
153,167,214,218,126,142,211,164,163,120,156,113,119,215,212,105,155,154,165,145,114,127,88,137,138,86,166,213,161,104,125,162,147,87,117,90,89,148,143,144,124,128,135,216,129,150,140,151,157,91
144,143,147,135,148,218,86,125,124,127,161,214,163,153,156,146,215,105,150,162,142,140,155,164,213,126,128,154,117,212,165,119,137,129,138,457,167,211,463,166,461,107,157,132,460,130,116,113,88,122
111,110,92,106,112,104,91,114,101,103,97,89,90,94,87,88,120,113,100,165,118,166,115,212,213,167,105,93,134,164,136,96,211,214,147,143,148,218,215,144,107,163,153,162,125,124,156,138,119,226
112,111,109,92,104,106,89,90,114,91,88,101,103,94,87,165,97,120,115,113,166,212,213,105,100,167,93,118,136,164,143,96,134,147,148,215,144,218,214,211,125,163,153,162,124,107,156,138,119,155
112,109,110,92,104,114,106,91,89,90,88,87,165,120,101,103,97,113,94,166,213,212,100,105,118,115,167,93,164,147,143,148,144,211,215,214,134,218,96,136,125,163,153,124,107,162,156,138,155,119
111,110,109,92,104,106,89,90,114,91,88,165,87,120,101,115,113,103,94,166,212,97,213,105,167,100,118,93,164,136,143,147,148,215,144,214,218,96,134,211,125,153,163,124,107,156,162,138,155,150
165,89,90,114,120,88,104,92,167,91,166,106,87,213,109,212,111,105,112,110,115,101,103,97,94,164,214,118,100,218,134,143,163,148,215,147,144,107,211,125,124,126,155,156,153,93,86,150,142,138
104,92,90,120,89,91,88,165,111,113,109,106,87,112,166,167,110,212,105,213,118,101,97,100,103,94,115,164,211,214,148,147,215,143,163,144,218,107,134,125,153,124,155,93,138,126,156,150,162,137
93,112,110,106,89,104,92,90,111,113,109,88,165,114,120,87,167,94,213,166,212,105,101,103,91,136,164,97,218,214,143,117,147,215,148,163,144,134,119,125,124,153,107,155,100,238,126,156,226,234
135,153,130,140,211,142,156,145,132,214,131,107,218,461,147,215,463,212,457,460,137,161,127,126,105,143,466,144,148,117,119,129,128,163,138,465,160,154,125,167,124,86,213,146,150,155,149,122,475,162
119,163,126,218,86,214,162,148,143,155,138,125,147,153,144,150,156,124,215,142,154,137,161,164,167,129,105,128,127,213,211,212,130,107,120,165,123,115,145,157,151,122,113,135,88,89,93,90,166,114
100,114,91,109,92,120,97,111,104,106,101,87,90,88,89,103,113,110,112,165,94,213,212,105,166,134,167,211,107,115,164,147,214,148,144,215,218,143,153,96,138,457,163,162,463,142,461,460,125,156
117,162,153,163,126,218,214,138,211,148,125,167,86,107,143,215,147,105,144,155,142,124,164,127,156,128,129,137,154,120,212,213,150,145,151,165,123,135,115,161,113,130,88,114,122,87,157,140,89,166
114,165,88,90,89,104,113,92,167,87,91,105,213,212,111,166,109,106,112,110,118,211,164,214,115,100,148,147,101,218,97,143,215,144,163,103,125,94,107,124,138,155,126,153,134,156,150,162,119,137
102,152,275,461,457,463,243,460,95,466,465,8,475,469,479,472,478,468,42,368,67,328,99,372,98,313,311,233,350,360,484,370,371,374,364,348,308,376,480,43,325,277,494,307,299,302,385,289,7,240
140,452,142,160,146,117,138,211,130,162,137,107,218,119,86,154,156,126,161,159,193,163,214,123,196,155,422,150,197,153,216,451,447,453,135,164,200,157,145,413,456,151,414,143,411,172,167,144,198,175
117,119,138,122,140,211,162,142,156,143,218,130,146,150,86,144,147,154,129,137,125,163,128,124,160,148,126,214,155,135,120,213,131,215,153,161,105,127,226,116,157,164,158,212,134,132,167,107,238,242
125,144,143,147,148,128,129,150,86,155,127,126,137,215,163,154,105,214,138,164,218,213,156,165,211,157,151,212,167,153,145,161,88,166,162,120,117,89,90,142,119,133,146,113,149,114,135,130,132,104
124,143,148,128,144,147,129,86,150,127,155,126,215,137,163,105,154,138,214,218,213,164,156,165,212,211,157,151,153,167,162,88,166,120,145,119,117,89,90,161,142,113,146,114,149,133,104,107,135,130
86,163,155,137,124,125,129,148,128,214,127,154,150,145,143,144,147,218,215,138,151,164,153,167,156,211,119,105,157,117,161,107,162,142,213,165,212,149,120,135,166,130,133,113,88,89,90,146,114,132
128,215,125,124,129,214,126,144,143,86,147,155,148,137,154,163,150,105,153,138,218,142,212,164,213,161,211,156,151,145,165,167,166,135,157,162,149,119,133,117,107,88,120,146,89,90,130,113,132,114
129,124,125,86,127,147,143,144,150,148,154,126,155,137,215,151,138,214,156,218,157,163,105,145,211,164,213,153,162,165,212,149,161,132,133,142,119,117,146,167,130,131,88,166,120,135,90,89,107,113
128,124,125,86,147,150,148,127,126,144,143,137,154,155,151,215,138,145,214,163,157,105,218,156,211,213,164,132,149,153,165,161,212,133,162,119,117,130,142,167,131,146,88,166,120,89,90,107,113,135
132,131,145,151,137,126,160,129,156,138,128,154,86,150,155,117,142,149,124,147,127,116,148,125,218,157,153,214,161,140,144,211,143,122,215,119,163,107,162,146,133,164,135,105,123,212,213,167,159,120
132,130,129,128,151,145,147,125,86,154,150,124,148,116,138,143,156,127,144,137,126,160,155,149,162,140,211,157,146,215,153,142,218,117,105,135,214,119,213,163,164,123,98,133,161,212,217,107,122,165
131,130,129,128,145,151,147,154,150,86,137,124,125,127,144,148,143,116,155,126,138,149,156,157,211,160,146,215,153,133,218,142,135,105,161,140,214,213,117,163,164,162,212,98,119,107,165,122,217,108
157,155,154,137,149,150,151,129,128,145,124,127,126,138,161,125,86,164,214,215,163,218,148,144,147,143,156,160,167,105,130,211,166,107,146,142,165,212,88,132,120,117,213,90,89,153,113,114,104,119
226,234,113,238,242,106,120,90,89,255,92,101,88,97,94,103,114,118,165,104,274,87,91,100,109,294,166,213,212,111,136,112,167,110,115,105,278,107,214,211,93,215,142,301,218,147,143,320,144,164
153,214,163,215,127,142,218,156,126,143,161,144,116,147,460,211,457,463,86,154,148,124,125,466,461,128,137,107,465,129,155,119,167,212,105,150,162,117,145,140,469,475,164,213,478,146,472,468,479,138
115,93,110,94,112,106,103,101,134,92,89,238,109,111,226,104,90,234,97,113,242,255,166,88,294,91,165,274,212,213,114,87,120,278,105,167,301,318,300,227,319,100,320,96,322,321,338,235,143,95
155,150,126,124,86,154,138,125,129,128,148,144,147,145,163,143,157,127,214,211,151,218,215,161,156,164,133,149,105,153,167,142,213,117,130,212,165,119,107,120,146,461,162,88,132,466,460,135,463,457
137,125,155,124,86,148,150,126,143,154,144,128,147,129,211,163,214,164,105,127,218,215,151,156,213,157,162,145,119,153,117,142,167,212,165,120,161,146,149,130,133,107,88,113,114,90,89,160,166,122
10,4,55,203,169,197,141,64,63,178,171,187,168,2,186,5,45,3,205,40,177,62,68,176,66,204,37,182,193,210,170,196,184,201,9,183,175,191,14,29,44,25,85,22,172,198,53,189,20,76
142,122,211,116,153,107,214,218,156,130,138,146,135,119,160,137,161,215,163,86,126,162,216,123,470,147,143,154,476,485,144,491,127,167,148,497,462,117,212,489,490,155,150,131,164,499,105,145,125,487
171,2,4,169,203,5,187,197,204,139,168,3,210,10,192,9,193,175,201,207,183,36,64,170,191,55,184,186,85,198,81,80,45,195,77,23,30,40,24,31,29,76,63,82,208,37,69,8,26,25
214,215,127,218,153,163,140,107,161,211,126,154,86,143,155,146,138,156,212,147,144,167,137,117,135,125,148,119,162,164,124,105,128,150,213,129,130,122,113,165,120,145,116,166,216,88,89,160,486,483
144,147,148,125,124,128,105,86,150,129,213,215,127,163,155,126,214,137,218,165,138,212,154,156,164,211,153,167,162,88,166,120,89,90,117,142,113,161,157,119,146,114,151,135,104,145,92,112,111,107
143,147,148,124,125,128,86,129,150,105,127,213,215,155,126,163,214,137,165,138,218,212,154,211,164,156,153,167,162,88,166,120,89,90,161,117,142,113,157,146,119,151,114,145,135,104,92,112,111,107
151,126,137,149,155,154,129,86,128,150,130,124,138,157,125,148,127,163,153,214,147,133,218,156,144,107,132,215,143,211,164,119,161,167,131,117,142,105,116,135,160,212,213,162,165,120,146,216,140,88
142,154,150,147,144,86,143,156,124,138,155,128,125,218,214,129,137,211,148,127,126,215,163,157,122,105,164,213,140,162,149,161,153,212,167,135,130,165,107,151,117,133,132,113,160,120,145,88,166,119
144,143,148,124,125,128,129,150,105,86,215,213,155,127,126,218,137,163,214,156,165,212,154,138,211,164,153,167,88,120,89,162,166,90,157,113,161,117,142,151,146,114,119,145,104,135,92,132,112,111
143,147,144,124,125,86,128,129,150,126,105,163,155,213,215,137,127,138,165,214,164,212,218,154,211,156,167,153,162,88,120,166,151,89,90,117,145,113,157,119,161,114,142,104,92,146,149,135,112,111
151,145,133,137,154,155,126,157,129,128,150,86,127,138,124,125,130,164,148,214,163,147,215,156,218,144,153,143,107,132,146,161,211,160,167,105,119,142,117,131,212,216,213,165,162,166,116,135,88,122
124,155,125,86,137,128,129,147,148,143,144,154,126,138,157,163,127,156,218,151,164,214,215,105,211,145,161,213,165,133,117,146,167,149,212,162,153,142,120,88,130,119,166,113,90,89,132,107,114,135
145,149,129,126,128,86,154,137,155,150,124,157,125,138,148,127,130,133,147,164,144,143,156,163,218,214,132,131,215,119,153,117,162,211,107,105,160,167,161,142,146,213,165,120,212,88,122,166,135,90
102,6,121,52,51,50,38,43,30,31,65,67,33,34,42,53,275,243,81,71,41,78,25,27,28,26,61,70,21,19,84,23,24,54,328,20,44,60,325,66,47,69,59,46,76,299,329,48,313,311
214,163,218,126,107,211,167,105,215,119,164,148,143,212,147,144,127,142,86,125,135,213,156,124,137,162,138,155,145,128,165,117,154,129,120,150,161,113,166,114,116,88,89,90,151,104,140,130,149,112
155,128,86,137,150,129,126,124,125,157,127,138,143,147,218,144,156,151,214,148,215,145,163,133,164,161,211,149,105,142,146,153,117,167,107,213,119,130,165,212,135,162,132,120,88,160,166,113,90,131
154,137,150,124,126,125,86,128,129,157,144,147,148,143,163,127,138,214,215,218,164,151,145,156,133,105,161,167,211,165,149,213,153,117,212,142,120,119,107,88,166,146,113,90,162,89,130,114,135,104
218,147,143,125,154,150,211,124,214,215,128,126,144,148,155,157,137,86,105,163,164,129,153,138,167,127,212,142,107,213,117,162,165,146,88,135,161,120,151,119,145,130,113,89,166,90,104,114,160,149
155,154,137,150,133,128,124,125,156,151,126,129,86,218,138,145,147,148,149,143,144,215,163,164,127,161,214,211,105,167,117,146,165,130,107,88,213,212,120,119,153,166,142,160,113,90,132,89,162,104
159,160,198,176,185,168,196,190,138,183,194,193,191,200,122,192,188,197,156,149,117,14,179,130,35,123,195,211,218,119,140,107,186,157,164,16,162,133,154,205,208,137,182,142,161,145,457,116,216,463
158,160,122,175,107,146,142,176,174,12,185,156,196,210,168,218,197,216,157,154,186,198,172,130,205,14,149,207,117,190,193,182,11,179,183,201,208,16,203,161,178,140,188,206,133,192,29,200,155,54
130,122,154,156,138,151,158,196,137,145,142,150,159,155,140,157,149,218,133,161,168,131,126,86,132,117,146,107,164,211,128,185,214,162,129,176,124,119,116,125,163,147,148,153,143,200,172,215,127,135
137,155,214,218,163,215,126,154,127,142,150,86,124,143,144,147,211,148,125,128,129,157,156,138,105,117,167,212,153,135,164,213,133,165,107,145,113,166,88,120,130,119,162,89,146,149,90,122,114,140
119,143,163,148,125,144,147,138,126,86,117,218,153,214,211,124,105,164,213,215,128,156,127,142,129,212,150,167,165,120,155,137,107,154,113,88,151,166,89,135,87,114,90,146,161,122,130,104,111,115
126,214,148,125,124,143,215,86,167,155,144,218,164,137,147,153,127,150,105,212,138,128,165,211,119,129,117,154,156,213,161,162,142,166,120,113,107,145,135,88,157,89,114,90,151,104,146,87,149,92
167,163,148,214,218,124,105,126,125,155,165,143,86,144,215,150,147,213,212,153,120,138,137,166,154,88,156,113,127,89,90,128,114,211,129,107,104,87,162,151,92,157,112,142,119,115,117,111,91,161
90,89,88,105,120,213,114,166,113,212,104,92,167,91,111,112,87,106,110,109,148,143,147,144,164,215,214,125,124,163,115,218,211,155,118,126,101,150,103,97,153,127,100,86,128,94,138,129,156,137
165,90,89,88,114,212,92,104,91,113,167,120,105,87,213,111,112,106,109,110,215,214,164,143,148,163,144,115,101,147,103,125,97,124,94,100,127,218,155,126,118,211,153,107,128,150,129,134,86,156
165,120,113,212,114,214,166,105,88,104,89,90,163,164,213,218,92,215,87,91,153,107,126,211,148,111,112,143,106,109,155,147,144,125,115,110,124,156,137,119,86,138,127,142,150,154,161,117,162,129
176,196,182,183,197,200,185,192,191,193,186,198,175,189,190,203,188,10,64,171,14,22,63,172,160,35,141,207,11,206,55,174,205,139,208,177,204,45,169,201,29,40,179,195,4,17,81,210,12,16
171,5,170,4,187,2,3,184,9,8,10,203,204,141,69,139,168,191,197,189,183,186,192,28,20,193,202,27,208,177,36,26,210,207,476,64,175,174,46,470,17,201,486,23,18,24,63,14,497,490
184,9,169,171,5,4,2,187,487,3,490,462,458,486,483,471,482,491,477,497,500,459,474,470,489,476,10,210,189,499,495,58,204,8,69,481,203,473,467,141,485,174,139,28,20,56,65,493,464,182
169,5,4,2,170,3,187,184,9,10,141,500,203,204,8,487,462,69,490,495,473,168,458,486,497,139,499,483,482,197,477,491,471,470,192,183,459,493,191,474,489,467,186,193,20,36,189,202,476,28
487,490,486,458,173,196,482,483,491,462,459,477,471,500,168,474,497,182,470,179,476,489,200,203,495,197,189,499,10,122,186,206,160,485,174,159,175,201,467,193,481,473,139,142,176,187,198,464,205,140
172,187,8,4,181,180,10,202,184,9,5,3,174,169,203,476,17,470,201,171,210,497,18,2,467,462,485,464,204,170,95,475,498,492,139,488,496,480,472,494,484,469,479,243,132,209,478,423,131,466
207,175,12,201,203,81,178,197,10,54,11,79,19,189,72,186,17,57,205,208,210,168,204,38,14,216,193,64,39,192,190,184,18,4,75,170,71,209,25,182,198,159,61,63,180,29,9,191,16,13
174,203,201,207,81,197,12,11,10,79,57,189,54,186,168,193,192,204,178,38,17,19,72,205,25,210,55,182,64,208,29,183,190,191,198,40,196,63,37,44,39,59,45,18,76,14,467,68,74,16
168,183,190,191,177,185,198,196,193,192,186,182,188,467,197,205,200,476,497,485,470,194,189,14,464,179,63,45,178,16,175,64,160,40,493,208,158,139,77,35,76,159,203,37,85,206,82,55,10,195
186,176,208,205,10,191,204,203,193,197,178,168,183,85,192,175,190,63,209,7,198,139,59,14,37,207,68,196,72,16,169,171,45,4,81,182,25,40,64,39,2,61,38,57,141,78,189,195,201,71
174,175,205,192,186,12,208,81,201,177,203,207,139,197,193,470,476,10,57,210,176,72,79,209,491,19,17,54,483,29,168,467,38,490,482,485,190,39,191,497,189,11,25,37,474,499,64,486,44,55
200,64,197,467,63,196,176,198,168,485,172,470,45,206,476,497,464,74,66,189,40,37,493,203,22,76,192,44,14,207,180,205,35,159,195,191,193,474,122,486,83,499,77,84,174,62,49,81,204,194
181,174,207,203,141,10,175,204,210,179,201,1,17,11,168,172,173,209,12,197,81,208,192,191,202,171,73,189,2,216,497,186,169,470,205,184,71,75,187,79,182,177,206,170,476,18,54,467,57,4
180,497,476,464,467,482,490,173,500,493,483,485,462,491,486,487,470,489,471,499,481,458,495,474,459,477,473,217,187,134,8,202,172,100,97,94,73,101,132,184,103,133,131,301,169,221,1,136,141,170
185,183,168,189,196,188,197,176,175,198,186,191,172,200,203,10,190,174,193,192,139,206,12,207,205,177,170,184,204,11,16,160,29,159,9,55,194,64,1,208,22,44,45,40,195,122,178,171,169,14
185,198,190,197,193,191,182,196,186,168,192,188,176,200,189,195,45,175,203,10,194,208,177,55,171,63,64,76,141,169,204,77,205,80,82,40,74,209,37,81,25,22,139,7,85,49,207,17,122,44
170,9,169,171,5,4,187,2,3,210,204,10,203,8,58,189,69,174,141,65,476,470,486,139,175,18,56,497,182,485,467,28,197,483,490,1,474,487,458,20,27,26,202,471,207,477,17,482,491,493
188,183,182,196,190,189,168,500,186,176,198,191,200,197,473,487,490,462,193,495,458,192,499,497,486,482,471,477,491,483,470,474,175,467,194,489,160,493,459,476,10,159,195,464,45,485,122,481,367,158
208,193,177,183,190,197,203,209,192,191,175,185,168,10,176,196,205,189,178,188,198,174,204,14,182,16,207,139,200,201,195,85,7,45,55,171,25,63,11,4,54,169,17,141,57,59,40,81,37,64
169,171,5,8,4,3,9,2,184,170,10,141,476,497,139,485,467,470,204,483,203,493,173,464,490,202,482,486,499,491,471,500,210,487,474,69,458,489,477,462,495,174,197,7,172,168,473,201,459,191
185,189,190,183,198,182,176,186,168,200,196,191,197,193,487,192,194,490,45,458,462,208,66,497,44,486,477,175,482,491,16,483,76,500,471,77,63,489,470,83,474,62,64,459,177,25,174,84,29,80
188,182,185,175,197,168,196,183,200,186,193,203,174,190,198,192,170,176,64,208,39,10,191,57,184,210,206,44,55,204,45,66,81,79,169,62,207,40,84,9,83,63,75,171,172,201,12,76,54,178
183,198,188,193,197,185,186,191,176,192,195,208,168,196,200,205,194,175,189,207,209,203,177,201,45,54,174,81,467,470,55,63,182,76,178,493,25,72,485,82,64,464,75,10,80,476,12,77,49,38
192,193,183,197,190,176,198,168,186,185,196,10,63,175,177,45,188,85,204,203,208,82,77,195,205,80,182,200,194,189,171,169,44,84,11,4,209,25,141,40,76,37,201,64,83,14,207,178,2,7
193,191,197,198,183,168,186,190,196,175,176,208,203,178,204,10,209,195,200,45,201,185,205,189,194,207,141,77,37,188,81,22,171,177,82,76,476,174,210,17,29,5,80,44,40,470,11,25,4,85
192,197,198,186,183,191,190,195,196,168,176,175,208,203,10,200,189,209,185,201,177,122,77,188,45,76,194,81,178,204,174,82,4,85,141,64,63,80,7,207,11,22,171,205,25,55,29,40,37,44
198,197,200,190,183,192,176,193,188,191,196,185,470,195,168,45,77,63,82,476,80,83,66,486,76,485,84,467,74,497,44,64,22,49,458,189,158,182,490,483,75,471,493,474,179,62,464,491,482,487
193,198,197,196,190,183,192,191,203,186,45,168,63,81,18,194,200,201,141,175,85,55,84,80,40,82,74,37,185,64,4,10,204,25,176,83,54,76,189,77,177,17,208,49,68,44,122,22,179,209
200,168,198,185,197,183,193,182,192,195,176,189,191,172,186,190,160,188,175,122,203,206,179,194,22,74,10,45,63,40,470,497,77,467,64,208,204,485,11,37,177,55,159,139,476,76,16,83,201,29
198,193,203,192,183,204,200,175,208,207,196,190,45,168,191,195,205,81,76,55,64,63,10,186,209,189,37,25,201,174,40,44,80,77,182,12,11,54,74,29,22,84,194,49,185,57,82,210,176,85
197,183,193,190,196,200,192,195,194,188,45,208,191,76,168,470,176,63,77,185,476,203,25,204,64,467,80,485,205,207,37,186,182,55,497,22,82,74,40,175,209,464,189,49,81,44,29,54,84,486
470,476,485,486,464,467,99,483,497,474,458,482,493,491,490,313,471,477,356,459,499,309,462,308,481,352,487,351,500,333,348,495,315,316,489,387,310,434,392,304,305,408,131,388,96,364,132,383,314,389
444,441,446,438,437,436,454,435,196,418,445,442,417,431,198,430,197,411,414,413,405,451,409,404,168,421,453,426,403,183,185,425,189,193,188,208,194,176,190,192,179,452,456,209,11,402,191,182,186,64
175,174,207,203,12,197,81,11,54,10,205,79,193,57,72,192,178,204,208,38,25,168,17,186,190,141,198,18,75,7,64,63,191,4,85,195,19,209,189,200,55,70,49,61,210,45,76,39,216,37
467,485,497,470,476,464,471,474,4,171,499,490,458,477,187,489,495,486,462,169,459,487,491,482,493,483,9,500,5,18,141,473,17,3,184,201,481,197,191,170,2,195,173,69,8,183,174,36,10,180
204,197,175,207,10,208,174,205,201,4,209,81,186,169,193,171,210,192,12,198,168,7,11,141,206,54,189,19,55,57,139,177,183,5,191,178,79,196,64,18,72,63,25,184,2,45,190,38,195,200
203,208,197,205,209,206,470,210,476,497,207,467,10,175,485,171,68,4,198,169,464,192,85,81,79,63,55,177,141,25,186,191,184,5,462,487,64,2,57,7,201,12,76,490,37,22,174,72,80,44
208,209,204,203,197,476,207,206,470,497,178,467,177,175,186,485,12,201,487,198,490,458,464,176,81,190,491,495,486,174,462,499,14,11,483,471,482,10,477,210,192,168,54,474,191,25,57,79,459,493
208,204,205,209,470,210,203,467,476,485,497,197,168,196,200,68,189,493,464,198,63,55,37,179,40,22,64,182,175,62,462,76,25,172,176,207,474,66,16,29,491,59,81,489,85,45,499,490,495,458
174,203,12,175,197,81,54,201,38,208,72,11,204,79,205,19,61,57,198,209,25,64,71,39,190,14,178,10,168,192,186,76,63,216,193,84,55,141,29,17,7,189,75,210,4,200,45,191,37,74
209,205,204,186,203,197,206,207,198,193,192,177,190,464,210,25,200,175,81,54,467,178,174,10,476,11,497,57,191,76,485,72,168,183,201,12,470,7,85,189,16,71,45,14,68,59,44,37,64,38
208,205,204,203,186,197,206,470,193,192,207,198,476,485,190,467,464,210,493,200,497,54,81,483,177,191,178,25,71,10,11,174,201,482,168,76,85,175,57,486,72,183,45,490,491,462,49,7,12,458
204,203,208,175,206,197,9,184,174,57,205,170,141,470,29,62,209,485,10,178,476,12,44,81,189,467,68,192,79,84,66,64,168,207,497,4,45,55,464,85,22,171,76,63,54,201,139,493,53,37
218,105,214,147,137,143,213,156,153,144,138,215,212,148,125,120,124,167,126,163,165,155,86,128,150,129,154,164,142,127,107,88,119,114,162,161,113,90,89,104,166,117,157,145,135,87,146,140,118,92
105,213,165,88,89,167,215,90,166,120,114,104,214,113,92,143,147,112,111,148,144,110,163,218,125,91,211,164,109,124,153,87,106,127,115,126,156,155,138,142,128,129,107,86,150,118,137,161,162,119
105,165,212,89,90,88,120,143,147,114,144,148,113,166,92,167,104,215,125,112,111,124,214,211,110,164,91,218,106,87,109,163,86,153,127,128,115,129,138,126,155,150,156,162,137,118,154,142,117,161
215,163,126,218,167,127,153,212,125,155,143,105,124,144,147,148,142,211,86,164,137,213,154,156,165,128,107,150,166,129,138,120,161,113,119,88,117,135,89,162,90,114,145,104,157,146,151,87,92,115
214,127,212,125,143,105,147,124,144,163,148,218,213,128,126,155,167,129,86,165,156,137,211,153,164,166,154,150,142,88,138,161,120,89,90,113,135,162,107,117,119,157,114,104,145,92,151,87,112,146
107,142,214,167,153,140,218,174,163,122,126,207,164,155,211,146,156,145,175,215,154,113,212,86,161,137,149,120,11,138,12,114,201,105,119,159,104,166,127,88,320,165,157,213,19,323,162,203,160,87
130,156,131,147,215,218,116,132,212,148,135,181,150,143,142,117,140,99,98,144,125,124,128,129,146,123,214,163,15,127,157,160,126,105,211,213,137,88,165,161,145,166,227,96,138,154,86,180,155,119
156,214,211,215,163,147,126,105,143,155,125,167,164,153,124,86,154,144,148,150,137,212,128,213,107,138,127,119,165,142,161,129,117,157,120,88,162,113,166,89,135,90,104,114,145,146,151,115,87,92
221,220,222,228,223,15,224,72,73,25,61,227,47,57,54,233,48,62,230,7,59,76,19,457,208,251,16,38,225,319,463,461,229,46,236,26,78,207,85,27,203,79,49,320,81,256,41,75,44,204
221,222,228,223,230,225,224,219,236,246,249,232,251,48,231,266,237,26,46,271,254,245,27,272,20,69,28,233,241,240,21,56,464,47,58,263,336,258,229,253,270,343,485,248,273,476,261,348,36,280
220,222,223,228,230,224,225,343,236,219,285,340,382,345,391,237,341,232,306,396,317,374,389,266,335,354,349,231,358,246,251,249,381,393,271,390,311,241,375,48,305,347,20,440,27,245,378,272,483,380
228,221,230,225,224,220,223,236,343,232,340,237,389,266,285,231,396,382,349,241,391,374,317,229,381,390,345,393,335,248,240,341,270,252,20,306,354,347,56,311,273,358,271,244,305,342,251,440,373,219
224,225,230,340,221,343,232,228,222,237,389,231,285,220,249,381,229,349,240,241,251,390,374,271,263,311,341,248,396,236,272,382,440,252,254,373,305,384,245,253,347,56,393,273,304,233,244,246,58,359
225,223,230,232,228,237,222,231,241,393,236,221,229,248,240,251,305,373,252,271,347,358,249,273,369,312,253,387,388,285,244,343,389,349,383,220,362,254,263,359,309,351,375,268,380,449,272,390,379,257
230,224,223,232,237,231,228,373,222,229,305,240,347,387,241,393,236,251,252,249,312,253,273,389,221,304,388,285,271,349,248,268,343,390,359,309,244,362,369,257,254,449,263,381,220,351,286,266,401,272
234,238,242,255,274,373,305,134,393,387,227,285,347,312,389,304,309,343,390,359,362,349,388,351,381,340,286,449,310,355,280,283,369,341,401,396,235,357,307,408,379,256,288,365,281,383,277,344,394,377
460,457,463,466,294,461,465,469,475,472,468,278,479,478,480,484,494,492,385,488,498,318,300,496,226,397,338,319,323,238,234,322,242,321,255,320,402,301,279,235,326,386,256,295,339,239,327,403,275,404
230,222,225,224,221,274,457,223,472,463,461,236,469,465,232,229,468,466,460,294,278,475,220,318,319,323,300,237,231,321,322,479,385,480,320,339,338,494,492,498,484,488,326,327,478,266,241,240,301,496
230,340,343,225,232,228,285,389,224,252,231,240,381,223,349,373,237,390,305,241,268,341,387,347,304,393,440,311,396,483,359,382,312,374,222,56,253,384,354,259,264,366,449,362,351,249,58,233,309,297
225,228,224,232,223,231,237,222,229,236,241,240,221,252,253,248,251,249,220,56,387,266,373,268,254,257,244,58,347,250,263,392,267,365,270,305,351,350,247,259,245,304,265,20,359,27,371,285,355,356
232,240,241,253,230,237,225,373,248,305,285,254,252,393,343,224,347,389,349,257,267,387,268,312,250,390,304,381,223,362,259,340,265,229,309,56,351,233,228,359,247,271,236,273,269,251,388,249,449,244
231,230,225,237,347,285,390,393,387,240,224,253,305,241,286,359,311,248,307,252,236,355,223,374,381,349,277,229,304,249,357,377,280,228,273,268,254,362,283,408,358,394,267,401,312,396,250,360,257,375
347,285,387,305,390,393,373,304,273,381,359,286,240,349,362,307,254,277,355,312,283,280,351,408,401,311,388,231,449,377,309,293,374,394,271,241,357,340,296,297,343,379,358,281,288,269,399,389,270,375
238,242,226,255,348,350,134,358,387,393,375,227,365,314,416,347,364,371,394,390,235,380,303,292,302,356,277,269,298,288,268,256,450,296,396,434,299,315,359,286,283,399,285,368,272,400,355,408,276,374
274,460,457,294,463,466,461,465,469,475,468,472,278,479,478,480,484,494,492,488,498,385,318,300,496,397,338,319,323,322,321,320,402,279,326,301,227,386,255,242,238,234,226,295,339,256,275,327,403,404
237,230,248,232,222,228,253,241,224,225,231,274,321,319,56,322,472,320,247,457,469,294,463,278,461,465,475,466,221,318,251,300,468,252,58,460,240,223,249,254,323,479,385,480,259,246,250,244,494,492
232,241,225,230,231,248,253,343,236,240,381,224,340,390,252,349,389,254,251,373,285,244,249,374,311,266,305,247,56,223,387,250,304,259,347,393,396,257,384,440,286,228,263,382,449,245,359,273,344,312
242,234,255,226,373,387,393,347,390,305,285,349,286,359,381,304,273,312,277,307,283,280,449,362,389,396,365,394,134,265,401,309,343,281,268,358,408,388,296,374,271,355,297,407,267,269,227,399,350,310
460,274,457,463,294,466,461,465,475,469,479,278,472,468,478,480,484,494,492,488,498,385,318,496,300,397,338,319,322,321,323,320,402,386,279,301,326,295,339,327,227,275,403,238,242,255,234,226,404,405
231,241,252,253,237,232,259,254,248,233,230,225,257,250,56,229,224,249,247,58,26,223,27,244,251,258,28,236,228,21,20,260,245,472,469,475,460,468,457,466,461,339,463,274,465,222,479,480,294,46
253,248,250,237,247,254,240,259,252,231,257,387,350,347,390,244,285,232,359,286,268,365,305,360,267,348,393,251,304,230,289,355,262,58,356,245,224,400,277,302,236,357,258,307,280,225,372,358,315,371
238,255,234,226,347,359,390,401,387,408,393,286,305,280,394,449,400,355,273,285,281,307,399,304,377,265,268,365,407,283,293,357,277,297,288,362,358,296,448,289,267,396,373,315,349,374,271,303,270,298
274,460,294,457,463,466,465,461,469,475,479,278,472,468,478,484,480,494,492,488,498,385,318,300,496,397,338,319,321,322,323,320,402,386,326,279,301,295,327,339,403,275,404,405,239,255,398,242,256,238
250,247,245,275,241,252,253,248,251,246,237,254,58,232,249,231,225,240,224,230,27,28,26,236,20,223,57,49,79,54,447,56,21,25,222,229,55,228,322,61,31,50,72,233,420,321,84,320,24,46
449,399,401,362,257,355,281,408,297,280,273,359,448,283,265,293,347,251,407,259,269,244,268,298,363,394,296,267,261,309,388,260,305,357,263,351,271,400,288,270,290,246,304,377,312,272,353,282,250,369
292,298,353,272,380,383,261,303,388,269,394,271,260,369,288,401,283,362,314,363,263,399,258,379,408,347,273,355,310,416,245,297,296,407,449,280,257,293,265,309,357,281,270,345,247,250,351,305,378,358
244,248,250,271,272,298,241,253,317,369,391,388,266,380,378,303,273,292,288,399,293,379,353,261,408,362,245,296,257,401,449,258,382,305,251,246,342,345,354,351,263,280,260,363,269,252,297,265,355,383
265,280,448,408,401,449,281,296,273,399,297,257,283,355,357,359,362,377,247,288,293,284,270,267,282,241,269,298,286,388,271,407,416,347,268,307,394,312,277,260,384,259,305,262,380,303,309,363,310,400
347,307,390,296,265,359,280,253,349,277,286,393,288,387,408,259,401,304,305,283,273,254,297,355,312,281,374,394,268,362,448,267,449,357,399,269,293,285,358,375,388,309,251,257,407,298,270,377,289,271
244,247,241,245,248,246,358,375,254,298,272,271,305,363,253,347,388,261,249,293,393,373,58,394,379,231,359,240,399,237,232,307,252,380,365,353,303,390,257,292,288,355,263,369,351,362,296,259,387,449
401,408,355,363,357,283,257,359,399,296,377,407,280,267,265,347,268,297,271,281,388,449,356,273,288,400,253,315,245,394,270,272,290,351,305,292,362,269,298,276,259,448,260,342,303,380,304,390,262,261
241,394,240,271,272,388,298,309,288,244,347,292,310,393,358,355,263,305,265,373,254,283,362,353,399,359,237,383,369,248,303,273,408,401,280,357,269,293,261,312,296,247,232,387,231,268,257,389,314,363
259,268,241,387,347,247,305,231,276,240,359,399,237,408,253,449,257,356,355,302,400,232,273,262,362,244,351,250,267,348,296,371,390,264,280,304,407,401,258,307,365,289,297,315,283,293,277,372,281,265
390,250,355,347,305,359,387,357,449,283,280,241,267,401,254,257,394,393,248,408,399,285,307,268,448,377,296,273,277,252,281,362,388,259,286,293,270,356,358,304,288,351,271,297,363,265,298,374,407,384
242,238,234,226,358,307,253,347,298,393,375,303,359,248,408,394,280,390,272,251,305,399,261,247,292,387,257,283,401,380,314,288,249,416,355,250,286,365,350,285,296,449,357,268,396,362,388,265,273,269
294,274,463,457,460,466,465,461,475,469,278,479,478,472,468,484,480,494,492,488,498,496,318,385,300,397,338,319,321,322,323,320,402,386,326,279,301,327,227,295,226,242,256,403,238,234,339,275,235,404
241,231,240,58,232,237,472,469,274,300,318,278,475,327,225,465,294,468,230,457,326,466,385,463,27,338,461,479,480,460,498,26,492,28,494,488,255,484,224,323,322,321,20,496,478,56,319,21,397,386
399,265,293,270,250,408,355,247,273,244,357,280,377,449,359,401,297,261,267,305,448,268,269,362,283,363,296,281,271,388,288,407,253,272,347,298,400,380,290,307,302,394,282,303,259,310,263,304,245,252
416,302,261,399,298,260,241,449,353,245,380,271,303,296,356,292,314,284,362,371,272,363,408,247,388,357,257,297,400,352,369,407,244,370,263,450,280,288,262,268,401,246,259,252,273,281,355,240,383,364
252,268,401,347,262,276,244,400,399,267,408,297,387,355,407,315,250,296,304,359,293,302,356,247,248,260,371,283,395,394,390,257,305,357,289,449,253,348,261,291,352,363,280,270,290,362,298,316,448,265
416,401,380,245,408,258,298,292,407,244,261,296,302,399,315,272,353,250,449,303,247,284,377,264,271,351,259,265,276,269,288,400,283,281,293,268,357,355,314,394,280,362,356,371,347,262,273,297,363,388
399,298,292,303,380,258,245,363,257,293,272,244,416,260,394,449,269,288,307,408,296,314,247,270,271,297,250,263,378,280,448,353,259,265,358,246,302,355,357,401,290,283,362,254,383,267,347,379,375,345
276,356,267,315,296,259,407,352,268,401,400,302,416,284,316,289,291,247,355,283,408,297,250,265,399,280,293,273,260,376,252,357,258,371,281,362,257,314,350,387,304,270,288,308,364,244,269,264,448,388
272,309,245,449,244,388,362,269,369,273,271,305,379,310,261,298,257,383,353,408,399,258,251,351,355,266,247,288,312,314,246,267,265,280,260,283,281,296,292,407,293,380,394,357,401,303,297,270,448,304
260,276,351,356,407,315,400,302,252,291,316,352,449,284,262,268,408,296,259,392,258,309,401,250,244,273,416,376,265,267,271,362,247,312,281,297,58,283,388,257,308,280,364,241,269,289,231,355,387,371
247,408,257,273,280,296,401,281,288,250,355,293,297,377,283,269,407,399,244,359,448,357,449,362,268,270,388,400,284,248,282,305,347,267,286,271,356,241,312,289,394,260,272,298,262,277,276,292,363,307
389,273,309,246,344,317,290,382,449,384,362,270,305,388,297,351,354,247,244,304,263,257,369,342,271,312,355,280,310,287,399,379,296,401,265,250,408,341,357,272,330,283,268,391,282,334,448,293,345,359
269,296,250,355,401,262,408,283,257,297,357,273,268,293,399,247,280,259,449,351,244,315,253,388,270,362,359,347,356,448,407,265,305,281,271,288,363,377,307,400,272,304,314,276,302,380,387,298,309,252
355,276,356,259,252,250,401,273,399,408,315,359,296,305,357,267,257,362,244,280,347,265,283,387,293,247,377,262,316,284,302,388,407,351,297,288,281,289,272,400,352,253,241,390,271,449,448,286,260,304
283,267,408,296,265,273,245,280,288,293,257,244,297,247,401,298,380,399,250,272,270,355,263,261,292,407,347,271,314,260,303,309,359,449,388,379,281,362,357,394,363,268,448,305,369,342,377,307,351,282
290,257,297,283,293,408,399,384,247,354,250,401,355,271,342,357,280,265,273,267,269,449,407,448,287,244,346,359,296,378,282,304,281,288,261,394,266,363,389,305,377,396,298,253,309,347,400,310,259,362
272,388,250,408,298,369,449,296,280,379,283,273,293,401,362,246,363,399,245,303,292,288,281,380,270,247,257,355,351,305,353,357,310,258,244,309,263,448,265,359,267,251,394,260,407,297,269,268,347,261
271,388,288,298,245,380,292,263,303,408,314,273,362,379,250,246,353,305,296,261,355,369,399,269,293,257,401,283,280,260,363,268,251,351,357,281,265,449,416,244,345,377,258,310,267,347,297,309,378,383
226,362,280,297,265,408,355,305,247,257,293,296,388,281,288,268,401,250,244,269,449,283,271,347,407,351,272,304,357,267,399,377,270,310,359,309,298,266,315,241,369,263,344,245,307,448,379,289,246,353
294,255,242,234,238,463,465,457,278,469,466,475,460,468,461,472,479,478,480,484,494,492,488,498,318,300,385,496,338,397,319,321,322,323,320,227,326,386,402,279,301,235,327,295,256,339,403,275,239,404
243,58,27,26,28,274,472,21,278,294,469,475,20,300,318,466,465,457,463,319,255,242,468,461,322,479,385,460,238,321,234,386,480,494,49,492,498,484,488,478,323,338,56,320,226,496,77,326,80,79
262,356,268,316,315,284,302,352,259,416,296,400,250,291,252,376,401,408,260,264,407,265,267,289,399,348,247,293,355,283,257,308,280,371,313,258,359,377,387,273,297,281,271,244,357,364,388,351,362,347
448,280,248,247,286,387,359,265,253,241,268,390,401,393,399,347,281,355,296,283,408,284,356,250,252,259,371,357,237,307,348,449,254,377,273,257,293,407,394,288,267,231,262,276,244,297,304,349,374,363
294,484,479,478,492,494,475,469,480,472,498,488,318,300,465,496,274,468,255,466,463,457,461,242,385,460,238,234,226,338,397,319,321,322,386,323,326,402,320,327,301,279,227,295,235,256,403,275,339,239
58,274,294,465,472,469,278,300,318,463,468,385,457,461,480,475,338,466,479,255,494,492,484,498,488,56,478,460,27,242,28,397,496,238,234,26,226,20,319,386,322,321,323,320,21,402,227,301,79,57
281,247,273,283,408,296,265,297,401,359,250,355,448,399,449,257,271,244,298,347,357,293,288,307,269,362,284,407,267,268,377,305,270,394,286,253,241,416,304,277,248,272,400,388,289,292,315,342,303,312
280,401,247,408,449,448,283,265,297,244,288,407,273,359,250,377,355,296,399,347,284,400,271,357,286,394,257,362,293,363,298,305,241,268,267,282,388,310,270,272,289,312,260,292,304,315,269,303,253,380
290,247,283,297,384,265,401,281,399,270,408,280,257,244,359,346,449,354,289,355,250,287,448,370,293,313,284,269,396,357,362,377,342,273,298,390,261,268,394,307,400,376,286,288,363,259,245,304,347,407
280,408,401,269,250,281,296,297,247,265,270,293,359,271,273,355,407,244,267,399,298,394,347,288,257,449,282,357,268,388,362,245,253,390,387,272,304,286,363,290,305,342,315,292,356,377,380,448,309,262
302,276,416,247,356,280,400,281,296,268,265,408,401,262,359,260,449,377,316,289,448,399,376,315,258,352,450,250,407,291,286,257,283,357,355,282,297,313,434,267,259,277,298,241,244,347,371,264,288,273
390,347,231,311,241,253,349,304,440,396,305,381,232,374,359,237,240,286,343,340,297,230,248,393,387,254,355,342,250,384,360,401,408,236,357,389,280,290,283,307,289,259,273,268,225,373,252,228,362,270
347,390,401,359,281,247,241,280,283,265,248,387,408,277,297,377,394,268,289,273,250,357,396,253,355,304,305,296,284,285,393,237,267,288,259,399,374,240,269,293,449,407,231,307,244,448,254,349,282,400
290,354,384,297,270,342,247,376,346,313,448,280,282,399,289,357,408,359,355,257,372,352,378,334,308,370,266,449,366,265,250,296,288,281,344,284,273,244,268,293,356,58,267,374,283,401,390,395,433,400
408,272,293,265,355,281,292,380,298,273,399,250,296,297,247,280,401,347,269,359,357,271,283,388,303,407,245,394,257,363,362,314,244,268,261,289,448,353,248,356,378,267,449,377,305,416,260,270,251,400
376,408,346,297,352,400,280,288,356,262,268,284,265,401,296,273,247,281,390,286,395,283,355,308,282,259,347,276,290,384,407,359,372,377,267,342,270,241,287,357,302,304,250,315,354,399,291,252,293,257
270,297,384,287,354,282,250,342,399,366,389,408,396,346,401,266,257,283,244,355,293,304,247,407,280,265,334,359,449,357,289,363,382,344,400,281,296,370,378,259,376,261,390,313,267,273,288,448,347,268
315,407,400,316,276,356,302,262,296,259,284,265,401,408,352,264,416,280,273,289,268,247,260,350,293,250,355,281,283,376,377,297,304,347,357,387,241,359,364,288,257,371,58,244,394,252,269,395,267,270
303,380,245,298,272,288,261,363,353,394,271,399,408,250,260,296,314,416,293,379,401,378,357,358,388,269,280,383,283,355,258,347,407,369,246,281,362,345,265,247,251,297,244,257,359,375,342,354,273,377
250,363,399,257,408,288,355,273,265,270,297,283,407,280,271,359,247,296,357,244,401,269,267,298,347,394,380,261,303,268,292,272,281,259,449,388,448,315,377,290,304,305,400,362,241,260,262,356,245,379
255,274,278,465,469,475,463,466,479,457,242,478,472,461,460,468,238,484,480,494,492,234,488,498,318,226,300,496,385,338,397,319,321,322,323,386,320,402,326,279,227,301,327,235,295,256,403,339,275,239
58,26,27,28,278,274,318,300,294,385,479,480,468,472,469,475,492,56,494,498,484,488,465,20,478,255,496,463,457,461,466,21,242,460,238,226,227,397,338,234,326,25,279,323,79,24,23,57,386,402
401,280,247,267,265,250,283,408,273,388,297,269,407,315,271,298,288,262,356,355,399,281,268,293,416,351,302,314,257,357,276,449,272,362,244,292,248,380,284,377,359,260,303,259,448,307,400,379,347,363
408,290,273,401,280,247,407,399,357,283,355,270,281,250,296,265,304,347,293,244,288,298,257,359,305,267,384,354,449,362,269,342,259,363,282,400,287,289,394,268,388,315,377,307,344,286,271,245,448,262
303,261,292,380,245,408,272,399,271,288,296,363,280,297,314,401,283,353,293,416,388,269,247,394,244,258,260,246,449,250,347,273,254,362,257,281,305,355,342,358,379,407,369,359,357,448,345,317,265,251
370,372,308,368,450,302,348,313,350,360,287,352,396,359,416,284,354,395,356,254,276,268,390,240,241,253,285,315,358,233,366,298,384,343,316,314,440,357,355,259,375,365,364,290,289,376,311,345,347,296
318,498,488,492,494,496,484,480,278,478,479,472,475,469,468,385,294,465,274,338,466,463,461,255,457,397,460,386,242,319,321,322,238,234,326,226,323,402,327,320,301,279,227,295,256,235,403,275,339,239
472,385,469,278,318,294,475,300,274,465,466,480,323,463,468,479,457,461,338,494,492,484,498,488,460,478,255,496,58,397,242,238,322,321,226,234,326,319,27,386,28,26,320,402,227,21,279,20,327,403
416,315,284,258,356,276,400,296,260,268,262,259,450,371,291,407,316,399,408,257,352,267,401,355,252,377,247,449,280,250,264,350,298,261,357,289,314,281,370,293,364,348,297,376,365,273,380,359,303,241
292,380,298,261,353,363,272,399,245,379,271,314,288,394,416,293,401,408,296,260,250,378,388,375,280,358,247,258,254,377,347,307,357,246,269,257,449,297,281,355,244,345,283,265,362,342,354,407,273,450
297,305,347,273,401,407,408,259,280,355,283,296,250,285,241,362,270,359,293,244,290,248,357,247,281,268,267,257,449,344,309,298,399,349,307,286,315,265,253,266,377,387,289,390,252,288,400,373,363,388
273,388,347,355,362,304,408,297,268,253,257,401,449,351,280,272,309,310,359,250,373,387,357,271,241,407,399,244,252,312,265,307,298,267,281,283,237,377,296,247,390,288,293,263,393,248,285,259,349,369
391,380,246,317,449,298,374,272,251,261,58,345,354,351,266,353,303,245,312,247,260,389,307,377,358,347,384,288,383,362,378,27,254,408,388,305,297,382,375,28,273,369,292,341,396,244,26,349,271,390
280,254,248,347,399,247,362,296,359,305,241,355,257,253,297,273,261,449,401,303,298,283,267,394,408,265,377,244,281,390,312,448,349,357,304,363,374,358,380,250,342,259,388,252,269,387,293,292,393,288
352,376,395,289,372,366,356,276,390,360,287,262,296,313,259,268,290,252,348,315,316,384,284,302,267,371,387,297,370,240,247,343,359,264,291,350,400,250,346,241,401,248,408,58,396,368,364,407,354,283
351,449,312,263,388,305,310,244,273,266,362,271,369,296,379,383,247,283,269,251,408,297,355,265,304,401,373,245,272,389,270,257,357,407,267,344,268,280,250,298,399,281,288,353,258,248,293,387,347,260
388,305,273,355,309,401,271,362,357,351,408,369,245,281,247,283,449,407,263,272,257,297,268,265,251,312,399,244,250,270,280,363,448,379,377,298,296,359,353,266,269,267,347,293,253,315,288,317,292,286
440,285,390,374,396,349,384,231,342,343,381,253,241,346,360,289,286,236,270,393,305,347,248,290,354,377,307,389,340,287,395,359,58,232,401,297,372,247,408,341,280,304,254,277,387,357,240,283,355,257
449,309,362,247,305,359,265,280,351,408,244,281,273,369,388,389,307,257,248,347,310,296,344,373,448,283,297,271,349,355,263,399,266,401,387,267,357,379,377,241,250,269,253,237,251,252,288,272,304,298
376,287,356,352,290,282,284,276,247,308,354,265,270,370,302,296,316,297,372,289,366,384,262,268,400,434,333,416,355,257,250,399,334,408,283,401,315,346,357,267,258,407,449,58,396,342,325,433,280,293
380,298,272,303,416,296,292,245,288,364,269,357,355,261,258,399,388,260,267,379,353,315,408,271,293,345,401,363,394,247,297,283,302,362,350,273,257,262,268,356,263,280,250,254,450,407,265,375,358,347
356,407,302,276,296,291,262,268,408,400,250,401,355,267,259,416,357,273,260,297,293,280,283,377,351,352,316,284,350,281,314,264,399,304,347,265,257,247,387,359,289,371,388,241,288,244,269,298,305,363
276,356,268,291,262,400,284,302,315,407,352,250,244,296,399,416,259,408,401,257,264,359,283,355,247,348,280,387,364,293,265,362,258,376,252,267,313,449,448,357,434,289,260,273,281,270,372,371,363,297
391,345,246,266,378,298,382,354,271,353,297,247,384,369,389,296,272,245,388,380,342,270,273,292,290,401,370,335,258,303,310,383,449,379,309,263,280,362,361,346,399,283,344,288,408,293,265,261,251,269
300,498,488,496,492,494,484,480,278,478,479,472,475,469,468,385,294,465,274,466,338,463,461,457,255,460,397,386,242,319,321,322,238,234,326,226,402,323,327,320,301,279,227,295,256,235,403,275,339,239
321,320,322,323,318,278,300,472,294,274,469,385,475,468,480,479,465,498,488,492,494,484,466,463,496,478,457,461,255,460,242,338,397,238,326,234,226,227,402,386,327,235,301,279,403,256,275,339,295,404
321,322,319,323,274,278,294,385,472,469,318,465,300,326,475,463,457,255,461,466,468,242,479,460,397,480,238,484,494,492,478,488,498,234,496,226,338,402,227,235,327,301,386,279,403,256,275,339,404,405
320,322,319,323,318,300,385,278,472,274,294,469,475,326,480,498,468,488,492,494,479,484,465,496,397,478,466,463,457,461,255,338,242,460,238,234,402,327,226,386,227,235,301,279,403,256,275,339,404,295
321,320,323,319,326,385,318,300,278,274,294,472,338,469,475,468,480,397,465,479,498,488,492,494,484,463,466,457,478,255,461,496,242,460,238,327,402,234,226,227,386,301,235,403,279,256,339,275,404,405
322,321,320,319,385,326,397,274,278,294,338,318,300,402,469,472,465,255,475,468,463,457,242,492,480,494,479,498,484,488,466,461,234,478,238,460,496,226,301,227,403,327,386,235,279,404,405,256,339,295
325,328,332,331,337,336,313,330,334,329,333,366,439,326,364,352,382,266,327,356,335,433,354,370,26,323,308,290,287,309,58,420,27,384,315,50,314,297,416,355,258,376,270,322,296,28,357,21,477,383
334,324,328,366,329,331,313,352,333,395,336,376,316,308,337,291,290,356,372,360,384,332,330,407,270,297,276,287,354,400,370,315,433,364,268,289,262,342,416,265,355,389,282,296,368,259,382,408,302,266
327,322,338,323,318,321,300,385,278,472,498,488,480,492,469,494,475,484,294,274,496,479,468,320,397,478,319,465,466,463,457,461,255,386,460,402,242,238,234,301,226,256,227,403,295,235,279,339,275,404
326,318,300,338,480,472,385,496,498,322,278,488,468,492,469,494,484,479,475,321,478,294,465,397,466,274,386,319,323,461,463,457,320,460,256,255,402,227,242,238,301,226,234,339,403,279,235,295,404,405
329,331,325,332,334,337,313,370,335,333,324,330,354,433,368,366,378,314,352,416,336,290,384,345,270,364,287,420,317,282,396,341,399,342,245,265,450,257,261,434,297,266,357,355,27,380,269,299,382,376
331,328,334,333,332,330,335,290,354,384,270,325,265,378,297,396,282,342,370,317,337,313,399,257,287,266,269,433,293,366,247,345,273,288,408,391,389,283,289,407,341,346,363,401,382,250,280,244,355,261
331,332,329,266,333,334,335,336,389,290,382,317,344,354,366,309,297,325,384,270,328,244,337,391,341,304,383,310,407,246,273,251,306,449,349,245,263,396,282,353,362,370,265,342,369,222,351,378,340,433
329,332,334,333,330,290,335,270,328,384,354,266,337,297,342,378,325,317,396,366,370,287,389,282,269,399,313,336,382,433,283,244,345,247,293,257,341,265,344,346,298,363,245,273,250,288,261,296,408,401
331,330,329,334,333,335,266,354,290,378,337,317,297,328,270,342,336,384,396,382,287,389,269,246,345,244,399,370,245,325,313,265,257,247,344,293,273,282,288,391,283,380,296,261,280,309,341,292,362,433
331,334,329,332,270,330,290,313,336,266,335,384,366,337,325,287,389,354,297,282,283,265,317,342,257,293,247,396,58,308,328,250,269,346,273,376,289,344,382,296,244,352,407,433,378,267,408,399,262,316
331,333,290,329,270,332,287,342,354,384,266,325,335,297,330,366,346,389,313,344,265,396,378,355,282,280,336,376,273,357,247,349,244,250,381,257,399,283,407,293,328,289,408,269,337,359,382,341,317,395
332,331,317,329,378,334,246,330,266,337,354,382,333,336,391,345,342,293,370,290,384,297,306,270,298,273,328,271,353,250,287,341,272,288,344,396,399,380,245,346,363,408,265,368,292,303,314,257,280,247
337,266,366,333,335,330,290,313,334,287,354,352,382,332,325,297,370,331,308,344,376,304,384,317,258,273,407,268,356,372,282,395,368,270,244,315,27,262,389,483,329,449,264,316,399,361,362,340,296,293
336,331,335,333,354,332,370,368,334,328,366,313,329,287,325,317,290,352,364,297,378,361,308,384,342,330,450,376,266,363,399,314,382,341,315,296,395,391,416,356,276,262,360,298,344,270,293,407,372,401
318,300,385,498,488,480,492,494,278,484,472,496,475,469,479,478,468,294,397,274,465,466,326,463,461,457,255,386,322,460,402,242,323,319,327,238,321,234,226,279,301,320,403,339,227,256,295,404,405,235
386,227,385,397,338,468,472,457,460,469,480,402,274,479,475,463,461,466,294,465,226,278,56,238,300,318,242,255,234,322,58,323,403,319,321,279,20,239,415,492,27,327,494,484,498,404,478,488,326,26
222,236,343,285,440,228,381,374,390,389,349,311,341,230,396,266,305,359,384,232,237,221,372,225,290,347,231,373,334,253,20,354,27,241,342,304,287,387,58,248,393,382,312,286,297,26,252,28,240,306
399,305,266,355,349,58,362,363,354,310,290,384,357,393,27,272,285,389,340,271,244,268,369,297,449,28,298,359,26,382,342,388,250,408,246,253,257,20,273,312,317,311,448,251,347,390,270,288,287,344
346,354,344,297,408,270,290,384,401,250,298,283,287,399,280,396,288,363,357,273,390,391,355,349,296,380,359,303,362,247,378,388,293,374,289,347,292,271,307,269,377,257,382,266,246,345,379,407,265,304
390,236,396,389,340,285,349,374,222,311,228,381,230,305,384,372,237,347,440,387,304,221,286,373,241,382,289,308,58,354,266,393,290,225,317,346,253,297,366,248,342,401,240,395,252,344,231,224,360,359
342,349,266,346,297,273,362,388,304,369,290,379,312,408,309,283,305,449,382,271,270,288,280,407,247,401,296,351,399,265,281,287,354,391,384,389,250,363,244,289,383,357,355,263,293,272,317,257,246,298
317,391,378,354,380,298,272,292,303,314,353,245,370,288,342,246,297,261,271,357,258,382,346,388,270,399,257,362,379,290,363,247,396,266,263,355,273,293,251,58,408,384,401,282,310,296,287,394,265,280
342,289,290,344,354,270,390,384,247,287,282,297,374,401,357,250,408,283,349,355,363,399,293,265,376,280,288,377,362,388,267,359,296,345,58,292,396,391,372,380,271,286,307,257,382,449,394,378,281,273
241,359,401,408,286,387,394,390,250,305,259,297,355,304,280,285,281,273,253,244,288,399,283,248,293,362,268,252,393,407,449,231,247,237,307,363,298,357,254,296,267,257,265,400,377,269,245,380,232,388
350,259,387,276,416,268,252,371,365,302,356,296,364,315,399,316,352,233,347,240,262,258,314,450,277,375,241,359,358,298,254,284,308,27,288,393,400,372,363,28,58,360,401,26,407,408,355,248,390,253
390,344,248,381,285,374,305,347,342,393,307,304,389,297,359,384,346,311,237,283,280,312,241,408,343,362,236,387,290,396,354,373,401,253,273,286,360,355,399,289,247,288,369,265,270,357,449,341,388,250
348,240,315,387,302,371,314,416,262,356,359,347,291,355,296,360,241,268,259,233,365,254,357,358,253,252,364,276,394,352,400,407,267,280,375,277,284,401,304,248,286,450,316,408,258,393,288,58,273,399
309,449,388,273,362,355,305,296,369,250,267,271,408,357,244,268,401,379,407,310,315,272,260,377,312,264,283,356,297,266,280,252,293,281,263,257,253,247,399,259,269,245,373,246,304,288,347,265,400,383
356,376,276,262,308,366,289,268,315,400,284,302,316,372,296,259,360,416,258,313,401,355,392,291,407,395,357,287,297,264,370,408,371,348,247,260,267,290,252,362,270,359,399,273,351,364,283,350,387,354
245,292,303,380,298,383,388,272,379,271,258,363,401,260,288,362,369,273,244,296,449,314,247,261,281,399,394,293,408,250,317,345,263,246,416,347,265,391,297,251,280,357,407,355,283,269,361,377,310,309
290,384,378,342,270,297,287,382,370,346,345,399,408,355,317,357,391,282,401,288,250,303,363,298,266,396,380,58,292,280,271,247,374,289,293,366,359,246,449,283,407,390,281,261,347,368,265,245,313,272
357,408,359,250,401,268,399,273,362,407,257,293,280,297,288,356,267,265,244,247,305,347,388,377,296,283,281,400,253,449,394,363,448,351,315,270,272,271,259,310,304,269,241,298,307,290,292,245,262,387
315,276,262,268,355,400,352,407,250,302,296,408,284,357,401,316,416,267,259,291,289,371,265,399,283,288,258,247,280,351,264,359,293,260,449,297,252,281,388,387,377,253,376,313,271,434,273,308,392,362
355,401,250,399,408,377,297,359,257,247,407,280,293,362,273,268,356,267,394,288,265,400,363,281,253,270,296,388,283,449,305,448,347,244,315,271,351,292,310,380,272,298,303,314,304,241,259,342,260,354
375,254,393,394,292,298,303,380,347,241,359,251,261,253,307,288,272,249,58,399,245,416,390,280,248,271,314,374,365,350,363,387,408,357,233,247,348,293,355,371,396,378,353,286,401,257,448,296,283,277
355,347,408,250,241,399,280,357,401,281,247,394,283,449,244,257,448,293,268,265,297,253,288,387,286,390,305,273,407,296,362,259,307,248,267,363,400,284,271,377,270,312,277,252,298,304,269,388,254,282
395,372,390,352,268,308,350,315,289,240,349,387,296,356,285,376,304,357,262,276,297,259,401,311,248,241,355,400,253,280,252,359,307,347,348,374,342,286,283,273,407,267,377,287,362,231,277,316,291,305
379,258,353,383,369,298,246,303,364,391,317,450,314,380,388,416,260,292,296,363,271,58,245,272,344,362,351,449,370,309,342,407,382,315,392,401,266,399,261,302,263,27,273,352,408,264,250,356,354,26
273,388,355,244,449,399,401,369,247,305,408,271,357,351,272,280,268,257,297,347,265,296,312,283,281,250,245,288,307,267,359,379,298,310,309,263,380,363,407,377,353,304,344,293,266,258,448,292,269,383
399,293,250,401,292,298,303,261,408,271,380,355,357,257,244,297,407,347,388,288,245,353,394,281,359,296,283,272,362,448,379,449,247,267,280,342,270,265,258,377,273,269,290,268,259,354,307,260,314,310
314,416,296,450,302,258,260,298,348,262,316,315,261,380,276,292,245,269,259,356,350,361,352,399,291,407,371,303,370,267,268,284,401,363,408,283,375,376,383,288,293,400,244,264,355,247,280,297,308,272
241,347,348,302,252,258,240,371,253,259,387,400,359,254,416,394,358,350,284,449,307,237,399,280,303,450,375,363,292,276,393,296,250,401,298,268,261,356,390,281,271,286,408,362,304,244,249,283,305,315
290,352,308,384,270,354,395,376,370,287,372,356,400,389,313,407,297,289,382,334,401,342,250,283,336,268,315,266,325,390,408,276,282,355,316,396,392,346,359,262,333,387,259,296,304,331,399,264,360,344
27,28,26,58,20,56,21,48,69,366,46,381,343,79,24,65,382,337,61,47,25,31,348,221,57,23,372,349,390,72,228,365,375,374,361,393,368,387,350,285,30,222,220,53,384,352,342,258,308,360
354,58,370,287,374,372,396,360,390,416,297,358,286,357,288,359,371,308,292,346,289,313,450,380,348,303,376,378,347,375,314,394,342,247,399,352,345,350,299,337,356,277,284,280,296,355,27,26,349,28
271,362,388,379,383,245,351,272,246,449,273,263,309,296,310,399,298,280,380,401,353,292,312,305,244,344,258,408,283,247,260,355,303,363,269,266,251,317,357,297,448,288,261,267,250,281,307,391,407,293
354,378,416,258,290,298,384,302,282,345,297,287,352,450,261,366,303,399,284,342,380,289,317,313,292,408,270,382,376,401,260,314,247,396,296,280,346,288,246,364,368,245,281,356,283,363,259,400,357,293
302,356,259,258,416,260,400,296,348,350,252,262,394,315,357,355,401,276,359,387,347,407,365,284,352,241,448,380,399,267,268,277,449,280,408,250,307,261,292,247,281,375,358,450,364,303,244,363,291,316
360,395,308,390,352,289,376,259,287,374,252,366,268,290,346,356,313,359,342,282,316,276,297,349,399,348,241,284,384,387,400,343,355,277,285,401,396,262,368,280,302,240,370,347,408,253,307,357,304,283
237,305,387,225,347,309,449,312,251,389,230,241,244,304,393,401,351,224,388,359,232,283,390,349,273,362,252,253,407,408,236,271,369,280,394,381,310,297,248,250,268,245,249,259,263,355,285,281,344,286
390,349,396,285,384,311,346,248,381,342,307,440,375,347,253,354,241,286,393,359,372,343,247,358,297,389,394,289,280,401,254,282,231,287,449,340,283,387,277,290,408,355,236,288,357,399,305,360,58,270
358,303,254,394,298,393,347,390,380,374,292,288,261,249,314,253,248,307,241,272,359,293,378,396,348,399,245,296,259,371,387,271,251,416,363,408,250,342,280,283,365,350,355,346,269,401,379,388,305,247
352,289,395,276,313,308,287,284,400,262,356,372,290,297,302,296,346,247,366,416,259,282,291,315,268,401,316,265,408,360,384,354,270,370,280,267,342,258,250,357,355,260,407,377,264,399,359,257,371,283
401,250,357,265,408,247,257,355,281,449,280,273,399,268,296,400,380,388,407,362,347,305,359,297,260,284,241,315,293,283,303,288,351,253,244,286,267,448,272,363,307,270,302,356,271,289,304,259,342,310
354,292,345,303,317,246,288,384,270,370,380,298,261,382,272,293,342,290,280,247,399,416,297,271,287,245,391,408,269,314,250,375,265,283,396,257,394,282,296,346,281,448,335,353,401,273,449,363,355,358
388,271,369,380,303,383,272,353,292,362,296,245,351,298,363,309,273,449,263,269,293,314,250,408,283,399,344,357,246,361,305,257,267,310,401,355,258,244,377,342,261,391,312,288,280,247,407,266,297,265
292,303,298,272,261,288,245,314,260,379,399,363,353,271,293,408,269,296,377,416,401,258,357,362,246,257,250,391,347,247,283,345,383,358,369,378,388,280,355,394,273,449,281,244,267,297,342,375,265,354
390,349,285,236,389,396,374,237,253,311,387,343,342,340,232,290,384,231,373,347,359,346,270,248,305,440,241,393,312,382,280,230,283,304,307,344,394,250,297,58,354,355,240,228,266,360,286,375,401,273
354,384,266,317,378,290,271,391,270,246,342,344,388,389,272,297,245,345,449,288,362,273,353,250,298,346,408,370,369,355,383,283,401,293,282,366,363,304,258,247,305,287,292,309,349,244,381,399,280,379
245,369,379,353,309,292,380,298,362,271,263,388,272,303,251,261,258,273,269,449,351,391,244,361,296,363,260,246,408,344,312,283,317,288,399,280,382,394,310,247,314,265,355,266,401,416,293,357,307,297
290,354,270,297,287,342,382,282,247,449,378,266,346,408,396,280,374,250,389,401,390,283,289,399,366,349,281,448,370,317,273,355,359,253,265,311,288,257,347,433,357,363,296,344,298,362,244,267,271,285
397,318,300,278,480,492,494,498,484,402,488,472,479,475,469,294,478,496,468,274,465,463,338,466,457,461,255,460,242,403,238,386,321,322,323,319,234,226,326,320,404,405,327,301,279,227,339,295,409,256
318,480,300,472,385,488,498,475,496,479,492,494,484,469,468,397,478,338,278,466,465,294,402,461,460,274,463,58,457,27,28,56,255,26,326,21,242,20,321,322,238,327,319,339,403,234,301,279,323,226
347,390,237,241,359,253,401,393,252,373,305,259,268,283,407,240,286,408,248,277,280,355,296,394,231,267,232,356,348,400,399,350,315,304,449,244,281,388,273,250,362,297,247,307,262,312,254,349,265,371
362,271,272,401,305,379,273,296,351,250,369,355,449,408,245,298,310,288,353,309,247,357,283,265,363,257,244,267,399,246,268,263,297,407,293,377,292,280,303,281,347,380,251,344,269,359,312,314,253,394
396,290,266,270,312,390,384,381,309,349,305,343,297,373,449,382,317,244,283,342,236,401,265,273,362,354,347,344,388,387,280,304,251,247,374,408,366,285,271,351,248,237,296,250,359,230,310,355,282,245
374,347,396,285,286,387,241,253,349,359,401,248,283,393,381,343,311,237,408,231,305,250,268,346,280,240,297,259,355,247,289,342,389,277,394,307,384,372,375,254,360,252,290,270,265,304,232,296,399,236
317,246,345,380,354,342,382,353,271,272,379,378,245,383,298,369,303,306,388,344,346,292,361,266,258,363,288,362,260,408,449,399,297,384,401,273,261,247,270,370,389,314,349,293,335,263,310,296,377,312
352,356,56,351,264,315,276,262,58,388,407,258,271,302,268,355,400,362,310,27,357,28,296,366,449,250,316,401,284,26,363,20,371,252,273,369,416,267,305,361,291,260,387,408,21,280,399,259,281,309
358,237,241,387,347,390,253,248,254,231,305,359,375,394,349,251,277,286,288,399,373,232,401,307,408,374,271,355,283,396,285,58,298,240,280,449,272,281,448,265,230,245,363,225,357,303,362,252,292,388
347,359,355,292,245,401,283,357,250,293,303,298,281,244,288,280,408,247,241,251,358,261,253,363,399,407,297,449,271,375,265,448,257,387,259,270,400,286,307,296,380,260,269,390,388,393,254,353,273,272
376,308,360,259,289,372,352,297,366,290,400,390,252,276,315,296,401,384,287,270,241,302,342,347,408,387,268,304,262,291,356,349,407,359,346,354,311,250,285,267,355,248,374,313,283,399,307,240,370,377
390,389,290,374,285,342,384,343,347,286,270,311,381,297,354,359,241,283,401,282,394,253,349,393,387,265,346,408,247,399,254,375,280,250,298,289,378,440,288,305,237,307,358,345,292,304,370,251,296,248
402,385,403,404,405,318,300,278,480,472,469,492,494,479,475,338,498,484,488,294,468,478,496,465,274,466,386,463,457,255,461,323,460,242,322,321,409,238,319,234,411,326,226,320,414,413,327,301,279,339
58,27,26,28,20,21,56,79,57,49,61,24,54,25,50,31,46,84,85,23,72,51,30,55,66,300,80,63,318,59,82,74,48,464,473,488,470,498,385,77,496,76,499,494,40,492,484,338,53,278
363,257,408,261,355,448,293,244,401,357,250,247,359,297,449,280,298,362,288,268,270,296,265,281,303,283,380,271,347,273,267,416,407,258,259,292,269,290,377,272,307,305,245,388,260,394,253,400,356,241
407,356,408,401,250,355,315,302,284,281,357,259,291,276,449,297,265,377,262,296,241,244,280,257,359,289,416,347,399,268,316,247,293,260,283,394,376,288,352,267,371,252,273,264,258,387,270,290,304,292
408,250,355,281,407,283,347,247,377,296,399,297,357,244,280,265,388,359,363,268,259,449,267,362,273,400,241,260,257,271,448,293,298,315,288,394,286,305,270,304,356,387,269,245,390,303,262,253,292,310
397,403,405,404,385,409,411,414,413,338,318,278,300,472,469,480,494,492,484,323,475,294,498,479,488,468,478,386,496,465,417,418,274,466,463,457,461,255,322,460,321,242,319,326,238,320,234,226,327,339
405,402,404,397,409,411,414,413,418,417,385,437,438,436,441,435,446,444,431,430,454,442,445,338,323,451,426,421,386,425,453,318,472,469,322,300,278,468,294,465,475,480,484,494,479,492,321,466,488,478
405,403,409,411,402,414,413,417,418,397,441,446,438,437,444,436,445,442,435,454,430,451,385,431,426,453,425,421,412,452,199,323,456,386,338,406,322,321,339,475,469,472,294,466,465,320,278,318,479,460
404,403,409,411,414,413,402,417,418,397,441,446,444,438,437,436,442,445,454,451,435,430,431,453,385,426,425,421,452,199,412,456,323,338,406,386,322,422,321,318,339,475,469,278,326,472,294,479,300,480
58,27,20,28,26,56,21,402,397,403,405,404,385,409,46,411,25,414,79,24,413,23,50,57,31,418,496,77,492,417,85,55,484,494,498,54,49,488,30,84,76,386,338,478,300,68,318,63,480,66
408,401,400,315,355,297,250,281,356,296,293,357,265,283,291,273,280,244,262,399,304,288,449,247,363,347,260,259,359,305,257,387,268,270,394,267,388,377,298,351,362,269,302,271,241,245,316,292,310,290
401,250,355,407,283,288,297,399,280,247,265,281,273,293,359,347,269,449,257,296,357,298,271,244,400,377,267,362,305,270,356,268,315,272,388,363,448,241,289,260,342,380,304,259,292,394,303,351,284,290
411,413,414,405,417,404,418,403,441,451,446,437,438,442,436,454,402,445,444,453,452,435,430,431,426,397,425,456,412,421,199,385,422,406,323,443,338,386,322,339,99,321,320,419,432,326,410,121,319,318
235,405,404,411,409,402,403,413,414,412,397,417,445,430,426,442,446,444,418,385,425,438,441,451,452,436,453,437,323,454,421,406,435,419,255,475,278,294,242,469,338,478,484,492,462,322,494,238,465,466
409,414,413,417,405,418,404,441,403,451,446,438,442,437,454,436,445,444,453,452,435,402,430,431,426,456,425,397,421,412,199,422,385,406,443,323,338,432,386,99,322,339,419,121,410,455,321,326,320,447
413,409,414,404,411,417,405,452,403,451,418,453,442,445,402,446,441,454,426,456,444,397,438,430,425,437,436,385,435,422,431,323,322,410,199,406,321,301,338,320,121,339,319,386,421,443,318,472,300,278
414,411,417,409,418,405,451,441,404,446,454,442,438,453,437,445,436,444,452,403,435,430,431,426,402,456,425,397,421,412,422,199,385,443,406,323,432,121,99,419,455,338,410,386,322,339,439,447,321,427
413,411,409,417,418,405,404,441,451,446,437,438,454,436,442,403,445,453,444,452,435,431,430,402,426,456,425,397,421,412,199,422,385,443,406,323,432,99,121,338,419,386,322,455,410,339,321,447,326,439
58,27,26,28,21,20,56,79,61,57,24,46,339,23,25,49,55,54,72,80,31,65,48,84,66,63,47,50,30,53,77,76,82,40,39,74,68,51,59,64,62,44,38,45,386,83,81,36,69,6
302,258,450,260,284,298,296,399,314,276,303,356,247,292,261,280,315,380,262,400,408,364,288,401,245,272,271,265,268,371,449,257,357,407,448,293,355,283,352,370,348,353,250,316,259,291,363,281,350,394
413,414,418,411,409,441,451,437,454,438,436,446,405,442,453,435,444,445,404,452,431,403,430,426,456,425,402,421,199,412,422,397,443,406,385,432,99,455,121,323,419,439,447,410,427,338,339,386,322,415
417,413,414,411,454,441,409,437,436,438,451,446,435,444,405,453,442,445,404,431,403,430,452,456,426,425,402,421,199,397,422,412,443,406,385,432,99,455,323,447,439,419,410,427,338,386,322,339,415,301
421,422,409,411,452,413,414,405,426,425,403,417,441,453,404,442,451,402,456,418,454,445,397,446,443,121,430,444,438,420,436,58,437,386,423,427,435,431,385,412,410,28,27,432,26,460,415,466,21,472
439,313,376,370,364,378,287,450,302,423,316,290,416,428,346,262,354,315,282,400,270,293,291,284,356,314,292,399,261,342,380,297,257,337,276,328,296,363,357,289,377,267,247,345,303,429,250,352,329,433
441,418,454,436,444,438,437,446,435,426,417,425,405,442,430,411,431,413,409,414,445,404,451,403,453,419,422,199,456,402,452,397,443,432,455,385,423,412,427,439,99,406,339,415,410,424,447,386,428,420
452,456,453,451,413,414,411,417,421,454,409,442,426,419,418,441,425,445,443,446,405,444,438,436,437,404,121,430,435,403,431,412,432,402,58,397,455,20,28,99,27,21,26,56,301,427,385,95,39,439
424,261,298,292,450,302,429,314,303,380,260,363,293,272,428,416,250,400,364,394,361,288,257,258,399,307,375,259,267,408,296,245,420,357,378,362,371,377,379,246,263,407,262,365,355,346,449,353,276,315
423,351,449,362,448,429,408,357,250,355,309,281,312,267,271,305,273,363,377,369,388,244,344,310,293,263,264,401,257,247,399,260,253,297,280,379,400,283,407,272,288,298,394,265,346,307,259,392,315,268
426,431,441,417,430,413,418,414,411,409,451,454,436,437,438,435,442,446,453,405,421,444,452,445,404,403,456,422,402,199,412,397,99,443,427,406,419,385,121,424,432,410,439,339,428,323,423,96,455,95
425,441,430,417,413,442,411,414,451,454,409,446,418,438,445,453,436,431,444,437,452,435,405,404,421,456,403,422,199,402,412,443,397,427,99,406,419,121,432,439,410,385,424,455,339,423,447,323,428,96
424,423,365,428,371,426,350,425,26,302,27,21,348,58,429,252,28,262,277,369,260,416,315,276,249,268,264,392,284,351,383,314,259,434,258,450,379,310,316,251,254,292,394,407,296,291,363,448,353,388
429,416,302,450,356,276,434,316,352,362,314,268,355,400,357,258,315,262,284,360,399,377,365,371,348,423,364,376,289,296,350,292,380,303,272,392,260,388,247,307,372,253,408,401,257,298,313,273,407,265
428,355,399,357,362,303,380,292,272,307,298,257,416,377,314,245,288,253,261,363,408,449,244,401,247,388,394,268,433,250,379,283,267,273,448,356,265,293,254,271,302,359,280,281,305,263,258,297,269,282
431,441,446,442,444,438,436,445,454,437,418,451,417,413,411,453,414,435,426,409,405,425,404,452,456,403,421,199,402,443,432,412,422,397,455,406,439,427,410,99,447,385,323,419,429,428,339,320,322,121
435,437,436,438,430,441,418,417,414,413,454,411,409,446,451,444,426,425,405,442,404,453,445,403,421,199,452,456,402,397,422,412,443,99,432,406,455,385,439,447,427,323,419,56,339,410,429,96,121,428
455,58,453,430,456,442,451,26,454,27,445,28,452,46,21,446,306,444,441,413,436,438,411,20,422,414,418,417,54,341,56,433,431,437,429,409,443,61,48,307,345,374,405,440,340,435,421,57,25,251
257,270,384,449,253,357,355,290,267,354,434,247,297,287,377,399,250,408,283,282,429,265,307,280,244,448,401,342,359,313,266,309,273,304,293,305,362,407,440,356,296,382,351,389,312,400,261,269,388,268
356,284,302,400,316,268,433,355,313,407,265,315,257,253,377,357,247,387,276,291,416,449,289,262,352,280,281,401,408,241,399,296,252,359,267,258,283,429,244,277,350,448,428,305,273,259,250,362,260,240
437,436,438,441,431,418,417,454,414,413,446,411,451,444,409,430,442,405,445,453,404,426,199,403,425,421,452,456,402,397,443,422,412,99,432,406,455,439,447,385,419,410,427,323,415,217,339,121,131,386
438,437,435,441,418,454,417,446,444,431,451,442,413,414,411,445,430,409,453,405,404,452,426,456,199,425,403,421,402,443,422,412,397,432,455,406,447,439,99,410,385,427,419,323,415,121,339,217,95,434
438,436,435,441,418,417,454,431,446,444,414,413,451,411,442,409,445,430,453,405,404,452,426,199,403,425,456,421,402,443,422,412,397,432,455,406,439,447,99,410,385,427,419,323,121,415,339,217,322,386
437,436,435,441,418,446,454,417,444,442,451,414,413,431,445,411,430,409,453,405,404,452,426,199,456,403,425,421,402,443,412,422,397,432,455,447,439,406,99,410,427,419,385,121,323,415,339,217,42,131
420,27,28,26,21,56,58,20,48,46,324,24,31,23,442,332,30,361,445,337,446,313,453,444,454,328,333,266,258,370,441,451,345,452,392,37,391,438,430,336,378,51,376,436,246,317,330,364,423,433
311,285,374,390,340,384,396,349,381,241,253,343,231,433,254,236,347,307,240,286,360,372,287,290,359,237,305,354,393,342,248,389,282,395,312,297,304,222,387,289,341,346,270,247,232,230,277,266,449,280
438,446,436,437,454,442,444,417,418,451,445,435,413,414,411,453,409,430,431,452,405,426,404,456,199,425,421,403,402,422,443,412,397,432,455,447,406,439,99,419,427,121,410,385,415,323,339,95,217,96
445,446,444,454,441,451,453,417,438,413,418,436,452,414,411,430,437,409,456,405,435,426,404,431,425,199,421,403,443,422,412,402,455,432,447,397,439,406,121,419,427,410,99,385,415,323,21,339,56,30
453,442,451,456,445,454,446,452,444,441,422,438,436,430,418,413,417,437,411,414,426,409,435,405,421,425,431,406,432,404,403,199,447,455,412,419,121,95,402,439,99,428,434,427,372,328,440,348,324,277
446,445,442,454,441,451,438,453,418,436,417,437,413,430,411,414,409,435,405,452,199,404,456,431,426,421,403,425,443,402,412,422,455,447,432,397,406,439,427,410,419,385,99,415,323,121,339,423,386,420
442,446,444,454,451,453,441,417,413,438,418,411,414,436,452,430,437,409,456,405,435,426,404,431,199,425,403,421,443,412,422,402,455,432,447,397,439,406,121,427,410,419,385,99,415,323,339,423,102,420
444,445,442,454,441,451,453,438,418,417,436,437,413,414,411,430,409,435,452,405,456,404,426,431,199,421,425,403,443,402,412,422,455,432,447,397,406,439,427,410,419,121,99,385,415,323,27,339,43,21
27,28,26,20,21,243,50,24,49,31,275,23,445,51,420,442,25,444,46,396,30,446,299,254,39,52,394,121,454,453,370,350,378,313,259,286,441,451,253,48,368,261,233,302,282,390,438,433,290,448
247,399,281,449,280,244,359,401,265,408,257,355,357,277,296,250,267,293,270,271,363,288,273,283,253,284,298,394,297,268,362,377,261,287,307,416,347,407,312,241,269,260,259,384,248,310,282,388,380,356
244,247,281,408,448,399,280,362,351,401,271,250,257,312,359,273,388,355,377,309,265,297,305,283,253,407,296,298,267,357,347,400,258,263,241,369,270,293,261,260,394,384,284,363,288,307,266,272,268,379
416,302,284,364,258,303,292,314,260,370,380,298,400,348,399,261,361,315,371,276,356,365,296,363,316,350,407,408,353,281,288,245,262,352,247,291,272,378,428,280,254,449,358,401,368,377,448,250,394,293
453,454,452,442,446,417,445,456,441,418,413,444,414,436,438,411,437,409,435,430,426,431,405,404,425,422,403,421,443,199,412,402,432,455,121,397,447,439,406,419,427,99,410,385,415,323,42,95,102,301
451,453,456,442,413,417,454,445,414,446,441,411,409,418,444,438,436,437,426,422,430,435,405,425,431,404,121,412,443,403,421,199,432,402,455,419,439,447,99,397,427,406,410,102,95,415,385,96,98,323
451,454,456,442,452,445,446,444,441,417,418,413,414,411,438,436,409,437,430,426,435,405,431,425,404,422,443,421,403,199,412,402,432,455,121,447,439,397,419,406,427,99,410,415,385,323,301,95,102,96
451,446,453,444,442,441,445,418,417,438,436,437,456,413,414,411,452,435,430,409,431,405,426,404,199,425,421,403,443,422,402,412,432,455,397,447,439,406,427,419,99,121,410,385,415,323,95,339,301,420
432,445,442,444,446,453,306,454,451,430,456,441,452,438,341,436,249,418,413,311,411,396,417,437,340,345,447,414,307,374,424,251,378,246,332,409,422,236,349,199,394,393,405,440,421,381,429,266,312,317
453,451,452,454,442,418,445,446,417,413,444,441,414,411,436,438,409,437,422,430,426,435,425,443,405,431,404,421,412,403,432,199,455,402,121,439,447,419,427,397,99,301,406,95,410,323,96,415,385,15
463,461,465,460,466,255,294,242,469,274,238,472,475,468,234,479,278,226,478,480,484,494,492,385,488,318,498,300,496,338,397,319,321,322,227,320,386,323,402,326,279,301,327,235,256,134,339,295,403,136
471,491,477,459,490,474,486,500,482,495,462,489,499,483,473,487,485,476,497,467,470,481,464,493,252,263,169,260,306,449,264,313,171,351,308,343,268,58,266,258,261,244,259,353,389,416,309,251,356,250
458,477,471,491,490,486,474,482,500,483,489,495,499,487,462,473,485,476,467,497,481,464,470,493,260,252,263,313,264,449,351,58,266,306,343,258,261,268,308,169,354,336,389,416,250,265,245,244,353,251
466,457,463,465,461,242,469,255,238,294,472,475,274,468,234,479,226,278,478,480,484,494,492,488,498,318,385,496,300,397,338,319,386,321,322,320,227,402,323,326,301,279,134,327,235,339,256,136,403,295
463,457,465,466,460,294,255,469,475,242,472,274,238,468,479,278,234,226,478,480,484,494,492,488,318,385,498,300,496,338,397,319,321,322,386,227,320,402,323,326,279,301,327,235,136,256,295,339,134,403
489,458,473,499,495,471,491,497,490,476,477,485,467,459,474,486,500,470,481,482,487,483,464,493,169,260,263,252,264,449,313,184,258,170,343,171,351,268,58,366,250,353,244,356,266,261,308,204,408,259
457,461,465,466,460,294,255,469,242,274,238,475,472,468,278,479,234,226,478,480,484,494,492,488,385,318,498,300,496,338,397,319,321,322,386,320,227,323,402,326,279,301,327,235,256,134,295,339,403,136
485,467,495,476,499,482,462,497,486,483,473,493,489,470,481,477,459,458,491,471,474,500,490,487,57,79,207,203,54,204,197,263,61,201,208,81,72,398,44,313,336,175,49,228,260,244,62,221,343,308
463,466,457,461,469,460,294,472,475,255,274,468,278,479,242,238,478,480,484,234,494,492,226,488,318,498,300,496,385,338,397,319,321,322,386,323,320,402,326,227,279,301,327,235,256,295,403,339,134,275
460,465,469,463,461,457,472,475,294,255,242,468,274,238,479,278,234,478,226,480,484,494,492,488,318,498,300,496,385,338,397,319,386,321,322,402,320,323,227,326,301,279,327,235,256,403,295,134,136,339
485,476,497,499,470,495,473,462,464,489,471,477,493,491,474,490,458,500,459,487,486,482,481,483,79,57,203,81,54,201,55,175,204,263,197,260,49,44,72,205,62,207,45,40,39,208,85,61,64,63
479,469,472,466,465,480,294,475,278,274,478,460,463,484,457,461,494,492,488,255,498,318,300,242,496,238,385,234,226,338,397,386,319,321,322,402,326,323,320,227,327,279,301,339,295,235,256,403,275,239
472,475,466,465,468,278,294,479,460,463,457,274,461,480,255,478,484,494,242,492,318,300,488,498,496,238,385,234,226,338,397,319,386,321,322,402,323,326,320,227,301,327,279,256,235,295,403,339,275,239
467,476,462,485,499,495,497,458,489,473,471,493,491,464,477,490,474,500,459,486,482,483,481,487,203,57,204,197,79,205,81,40,44,26,208,37,45,63,55,28,27,85,54,169,64,263,201,49,20,39
491,458,490,477,474,500,459,499,489,482,483,495,473,486,462,487,497,467,481,485,476,470,464,493,306,252,260,343,449,263,313,264,266,169,58,351,268,258,308,251,389,416,353,261,244,309,305,259,241,250
469,475,466,465,468,278,479,294,460,463,457,480,461,274,318,300,478,484,494,492,255,488,498,496,242,385,238,234,226,338,397,386,319,321,322,326,402,323,320,227,327,301,279,256,235,295,339,403,275,239
499,495,489,471,500,462,477,491,458,474,490,467,459,476,485,482,483,497,486,481,493,470,464,487,58,184,252,263,343,260,313,251,449,258,416,170,355,351,266,308,26,306,261,79,356,394,264,382,400,389
471,491,458,477,490,500,499,459,482,489,473,483,495,486,462,487,497,467,476,485,481,470,464,493,252,313,263,260,449,343,169,351,58,356,264,355,268,250,382,306,400,390,308,353,288,244,28,258,389,272
469,472,479,466,465,278,294,480,478,463,460,468,461,484,457,255,274,494,492,318,488,498,242,300,496,238,385,234,226,338,397,386,319,321,322,402,326,320,323,301,227,327,279,256,235,295,403,339,275,239
485,467,497,470,462,499,495,489,473,490,464,471,458,459,477,491,486,474,487,500,493,482,483,481,203,204,197,79,57,55,205,186,175,85,208,201,207,169,81,25,54,313,45,2,4,252,44,177,62,63
471,458,491,459,490,474,500,499,489,486,473,495,482,483,462,487,467,476,485,497,481,470,464,493,260,313,449,252,351,306,258,169,58,268,343,263,264,416,356,308,353,355,261,366,354,389,400,266,390,171
484,494,492,488,480,498,479,278,496,294,475,318,300,469,468,472,465,255,274,466,463,461,457,242,460,385,238,234,338,226,397,386,319,321,322,402,326,323,320,327,301,279,295,227,403,235,256,275,339,134
480,475,468,478,278,484,469,294,494,472,492,488,498,465,466,496,318,274,300,255,463,461,460,457,242,385,238,234,226,338,397,386,319,321,322,402,326,323,320,327,301,279,227,295,235,339,403,256,275,239
484,494,492,488,498,478,479,496,278,300,318,475,468,472,469,294,465,274,466,385,255,463,461,457,460,242,338,238,397,234,386,226,319,321,322,402,326,323,327,320,279,301,227,295,339,403,256,235,275,239
483,482,489,462,491,471,499,495,473,458,490,486,477,474,500,459,464,485,497,467,476,487,493,470,252,2,228,343,223,230,449,308,240,225,347,241,264,4,237,260,306,229,249,269,353,268,258,312,267,390
483,491,486,471,458,490,474,459,500,477,499,489,481,495,462,473,464,487,485,497,476,467,493,470,260,252,263,258,313,353,169,264,449,343,2,58,244,261,306,351,251,266,241,245,347,389,171,257,308,250
482,471,491,486,458,490,474,500,459,477,481,499,489,495,462,473,464,493,485,487,497,476,467,470,252,343,260,258,266,58,264,263,313,449,351,353,228,169,308,347,230,336,244,268,306,389,241,250,27,257
494,492,488,478,498,480,496,278,479,300,318,475,294,469,468,472,465,274,255,385,466,463,461,457,460,242,338,238,234,397,226,386,319,321,322,402,326,323,320,327,301,279,295,227,403,256,235,275,339,404
467,476,464,495,499,462,497,489,470,458,473,486,471,459,477,491,474,490,482,493,500,483,487,481,57,79,203,54,263,204,2,197,201,81,55,260,4,72,205,39,208,85,175,313,244,49,61,252,62,25
458,490,482,471,459,491,483,477,474,500,495,462,489,499,487,485,476,473,481,464,497,467,470,493,4,169,264,171,2,252,313,308,260,5,58,356,352,258,336,141,268,343,263,276,302,416,366,259,27,204
490,458,497,459,471,491,477,462,486,474,489,495,499,500,482,476,483,473,467,485,481,169,171,464,470,306,170,58,69,263,28,26,260,27,493,344,184,204,252,449,258,20,313,351,264,141,312,349,268,368
498,494,492,484,478,480,496,300,318,278,479,475,468,294,469,472,385,465,274,466,255,463,461,457,338,460,242,397,238,386,234,319,321,226,322,326,402,323,327,320,301,279,295,227,403,256,235,275,339,404
499,471,462,491,473,495,490,458,477,474,500,459,482,481,485,483,467,497,486,476,487,470,464,493,2,260,252,263,343,4,449,313,353,264,258,306,351,244,268,266,251,58,400,416,389,352,308,382,366,169
471,491,458,477,486,474,459,500,489,482,483,499,487,495,462,473,476,497,467,485,481,470,464,493,169,264,171,252,308,313,260,258,352,58,2,356,184,204,416,26,268,276,336,170,27,28,343,141,302,366
471,458,490,477,474,500,459,482,489,483,499,486,495,473,462,487,481,497,476,485,467,470,464,493,313,260,252,449,306,264,58,263,258,343,169,266,351,268,353,308,309,26,347,400,251,416,27,250,28,171
494,484,498,488,478,480,496,300,318,278,479,475,294,469,468,472,385,465,274,255,466,463,461,457,460,338,242,238,397,234,386,319,226,321,322,402,326,323,327,320,301,279,295,227,403,256,235,275,339,404
467,473,485,464,483,470,497,499,476,462,495,489,500,482,471,458,491,474,486,481,490,477,459,79,487,57,58,263,266,44,54,343,246,25,244,351,267,268,208,40,253,85,260,271,247,355,269,252,449,305
492,484,498,488,478,480,496,300,318,278,479,475,294,468,469,472,274,465,385,255,466,463,461,457,460,242,338,238,397,234,386,226,319,321,322,402,326,323,327,320,301,279,295,227,403,256,235,275,339,404
499,473,489,471,458,500,491,462,477,467,490,485,459,474,486,476,482,483,464,497,487,470,481,493,313,263,343,266,58,260,79,335,336,170,184,308,204,366,389,252,306,251,449,351,382,317,264,246,258,169
488,484,492,498,494,318,480,300,478,278,479,475,472,469,294,468,385,465,466,274,463,255,461,457,338,460,242,397,386,238,319,321,234,322,402,326,226,327,323,320,301,279,295,403,227,256,235,275,339,405
467,476,462,487,485,489,471,499,490,491,474,473,495,470,458,477,500,464,459,493,486,482,481,483,203,204,57,79,169,263,81,197,201,54,55,4,62,68,260,205,63,207,175,186,252,184,64,170,449,45
488,492,494,484,300,480,496,318,478,278,479,475,468,294,469,472,385,274,465,466,255,463,338,461,457,460,242,397,238,386,234,319,321,226,322,326,402,323,327,320,301,279,295,227,403,256,235,275,339,404